naics,year,emp,pay,prode,prodh,prodw,vship,matcost,vadd,invest,invent,energy,cap,equip,plant,piship,pimat,piinv,pien,dtfp5,tfp5,dtfp4,tfp4
311111,2006,14.6,697.4,11.5,24.7,499.7,13596.6,5805.3,7804.2,273.6,482.1,186.7,3707.1,2694.6,1012.5,1.088999987,1.292000055,1.049999952,1.460999966,0.054000001,1.26699996,0.054000001,1.268000007
311119,2006,29.2,1153.4,17.6,36.1,616.2,20391.1,13711.8,6666.3,406,1190.9,335.2,5291.3,3375.7,1915.6,0.947000027,1.253999949,1.07099998,1.411000013,0.046,1.343000054,0.046,1.345000029
311211,2006,9.7,437,7.3,16.7,291.6,7853.1,5703.1,2121.2,159.5,917.4,229.7,2995.8,1849.9,1145.9,0.994000018,1.30400002,1.087000012,1.236999989,0.068999998,1.238000035,0.068999998,1.238999963
311212,2006,3.5,136.6,2.7,6.1,91.1,2223.3,1654.7,618,47.3,266.2,65,812,555.6,256.4,0.880999982,1.302000046,1.078999996,1.26699996,0.028999999,1.355999947,0.029999999,1.358999968
311213,2006,0.9,43.8,0.7,1.6,29.2,616.1,455.1,156.2,13,73.2,18,563.3,356.2,207.1,0.920000017,1.328999996,1.085000038,1.40199995,0.172000006,1.294999957,0.172999993,1.277999997
311221,2006,8.8,542.8,5.7,12.5,316.6,9939.1,5895.3,4108.8,593.9,599.5,1120.9,7437.8,5501.9,1935.9,1.139000058,1.324000001,1.047999978,1.631000042,0.012,1.148000002,0.02,1.157999992
311222,2006,6.8,309.6,5,10.5,203.5,16303.9,12619.8,3881.9,257.9,1349.6,399.5,3163.8,2226.7,937.1,0.933000028,1.302000046,1.077000022,1.618999958,0.02,1.506000042,0.02,1.506999969
311223,2006,1.5,52.9,1.1,2.3,34.8,1304.5,909.4,386.8,18.6,97.3,32,813.2,477,336.2,1.09800005,0.933000028,1.090999961,1.583999991,-0.048,0.975000024,-0.046999998,0.972000003
311225,2006,7.3,328.3,5.5,11.8,220.1,9312,7277.3,2088,201.1,574.9,159,2335,1577.3,757.7,1.207999945,1.187999964,1.078999996,1.539000034,0.018999999,0.968999982,0.018999999,0.970000029
311230,2006,14,796.4,11.6,24.8,619.1,9426.2,2813.2,6613.6,305.4,376.9,171,5107.5,3737.9,1369.6,1.070000052,1.197999954,1.039000034,1.437999964,-0.172999993,1.003000021,-0.172000006,1.003999949
311311,2006,3.8,183.6,2.9,6.5,122.1,1735.4,970.2,761.1,45.4,219,50,1174,791.8,382.2,1.128999949,1.179999948,1.031000018,1.618999958,-0.001,1.157999992,0.001,1.159999967
311312,2006,2.9,143.6,2.2,4.9,95.5,2416,1736.4,674.7,82.6,392,69.5,1533.8,921.8,612,1.164999962,1.179999948,1.019999981,1.659000039,-0.112999998,1.019999981,-0.111000001,1.021999955
311313,2006,6.7,273.2,5.9,11.8,216.8,2921,1683.5,1340.3,60.8,859.8,192.7,1737.6,1214.1,523.5,1.166000009,1.123000026,1.034000039,1.754999995,-0.142000005,1.046000004,-0.140000001,1.046000004
311320,2006,7.8,372.8,5.9,12,263.6,4342.7,2344.8,2009.6,85.7,717.4,55,1760.9,1273.3,487.6,1.180999994,1.207000017,1.049999952,1.273000002,0.048,0.99000001,0.048,0.99000001
311330,2006,26.4,1003.1,20.5,40.9,733.7,10578,3571.2,7060.4,210.4,861.7,125.3,3362.3,2227,1135.3,1.154999971,1.210000038,1.052000046,1.279000044,-0.027000001,1.082999945,-0.027000001,1.083999991
311340,2006,17.7,747.4,13.6,28.6,502.4,6232.2,2325.2,3901.8,339.3,529,84.2,2613.4,1890.7,722.7,1.225999951,1.195000052,1.067000031,1.32099998,-0.046999998,0.889999986,-0.046999998,0.889999986
311411,2006,33.4,1096,27.8,58.8,800.1,10375.3,4979.2,5423,310.6,981.8,241.9,5488.8,3739.8,1749,1.15199995,1.207000017,1.072999954,1.373000026,-0.006,1.003999949,-0.006,1.004999995
311412,2006,50.7,1800.8,42.3,89.2,1314.7,13946.1,7114.9,6785.1,417.6,1402.9,325.2,4821.1,3283.7,1537.4,1.090999961,1.207000017,1.070000052,1.292999983,0.016000001,1.003000021,0.016000001,1.003999949
311421,2006,50.8,1867.4,41.9,86.2,1347.8,18863.4,10236.4,8588,755.1,3292.6,434.4,10314.7,6821.6,3493.1,1.116999984,1.194000006,1.054999948,1.491999984,0.009,1.024000049,0.009,1.024999976
311422,2006,12.4,529.2,10.2,21.1,381.9,8041.5,3449.5,4545,243.5,1109.5,185.2,3562.5,2198.6,1363.9,1.139999986,1.194000006,1.05400002,1.527999997,-0.009,0.850000024,-0.009,0.850000024
311423,2006,13.2,463.8,10.9,22.4,334.7,4934.5,2615,2390.7,192.9,841.1,113.6,2317.3,1555.6,761.7,1.161999941,1.194000006,1.06099999,1.549999952,-0.046,1.106999993,-0.046,1.105000019
311511,2006,53.5,2356.5,31.3,66.8,1273.3,28950.5,19408.8,9619.2,566.6,906,422.3,9495.5,5477.9,4017.6,1.138000011,1.200999975,1.08099997,1.284000039,0.021,1.108999968,0.021,1.110000014
311512,2006,1.6,67.8,1,2,36.7,1912.8,1595.9,330,47.5,74.5,27.9,581.3,268.7,312.6,0.995000005,1.159000039,1.06400001,1.340999961,0.165999994,1.182000041,0.166999996,1.182999969
311513,2006,35.1,1404.6,29.6,61.6,1078.7,25646.6,20547.5,5125.5,653.9,1791,374.6,5684.5,4126.7,1557.8,1.04400003,1.129999995,1.07099998,1.434999943,0.048999999,1.001999974,0.050000001,1.001999974
311514,2006,13.2,711.7,9.3,20.5,454.2,9931.7,5424.2,4531.7,121.6,787.2,231.1,3466.7,2328.5,1138.2,1.118000031,1.184000015,1.080000043,1.498000026,0.02,0.902999997,0.021,0.904999971
311520,2006,18.3,736.4,14.6,28.2,536.8,8810,4229.5,4536.6,145.1,466.2,131.1,3208.7,2039.4,1169.3,1.263000011,1.177999973,1.06400001,1.146000028,-0.057999998,1.092000008,-0.057999998,1.092000008
311611,2006,145.1,4307.4,121.7,254.6,3260.2,64917.5,53598.4,10708.3,1021.6,2535.2,849.2,11201.8,6337.4,4864.4,1.177999973,1.199000001,1.097000003,1.407999992,0.026000001,1.013000011,0.026000001,1.014000058
311612,2006,106.5,3375.5,89.3,186.9,2554.9,35276.5,21631.4,14206.6,453.9,1023.2,461.4,6302.7,3438.7,2864,1.151000023,1.264999986,1.088000059,1.43599999,0.013,1.111999989,0.013,1.111999989
311613,2006,9.3,341.4,7.8,16.3,258.4,3219.2,1303.1,2052.9,24.7,61.6,42.1,1264.2,801.8,462.4,0.76700002,1.217000008,1.075000048,1.524000049,0.104000002,1.998000026,0.104000002,1.917999983
311615,2006,227.5,5538.2,203.1,412.5,4561.9,46163.5,20329.6,25825.5,833.6,1638.1,702.2,10326.6,6805,3521.6,0.949999988,0.963999987,1.075999975,1.281000018,0.033,1.315000057,0.033,1.315000057
311711,2006,2.9,96.7,2.4,4.8,65.4,1046,689.1,361.3,24.1,140.9,23.7,544.3,313.8,230.5,1.032999992,1.192999959,1.054999948,1.416000009,0.003,1.235999942,0.003,1.236999989
311712,2006,33.7,1068.7,27.8,55.2,722.5,9795.9,5836.8,3959.4,208.2,1193.7,222.4,2066.9,1433.2,633.7,1.194000006,1.192999959,1.074000001,1.411000013,0.052999999,1.123000026,0.054000001,1.123999953
311811,2006,55.8,1016.2,32.8,57.7,512.7,3408.8,1086.4,2326,69.1,106.5,60.8,1295.1,830.9,464.2,1.261000037,1.207999945,1.059999943,1.381000042,0.006,1.049000025,0.006,1.049000025
311812,2006,141.3,5288.4,83.2,146.3,2668.3,26448.1,8502,17962.9,514.8,833.3,471.4,12063.9,7591,4472.9,1.230000019,1.207999945,1.062999964,1.39199996,-0.012,0.995000005,-0.012,0.995000005
311813,2006,19.4,695.1,11.4,20.1,350.7,4922,2565.9,2339.2,135.2,251.5,87.7,1183.3,907.5,275.8,1.225000024,1.197999954,1.065000057,1.309999943,-0.034000002,0.944000006,-0.034000002,0.944000006
311821,2006,27,1088.7,22.1,45,774.6,10131.4,3233,6927.5,220.4,422.9,138.1,4421.1,3342.3,1078.8,1.133000016,1.195000052,1.036000013,1.353999972,-0.048,0.968999982,-0.046999998,0.968999982
311822,2006,13.8,576,11.3,23,409.8,5624.2,2754.6,2823.8,177.3,360.3,76.7,2281.9,1630.1,651.8,1.034999967,1.17900002,1.07099998,1.274999976,-0.026000001,1.044999957,-0.026000001,1.044999957
311823,2006,3.1,135.1,2.5,5.1,96.2,1493.2,797.8,686.8,50.8,104.3,20.4,863.8,658.1,205.7,1.021999955,1.207000017,1.031999946,1.315999985,-0.011,0.829999983,-0.011,0.828999996
311830,2006,13.2,353.7,10.2,17.8,245.8,2217,875.2,1350.9,85.9,74.8,56,556.6,424.9,131.7,1.159000039,1.241999984,1.044999957,1.407999992,0.039000001,1.243000031,0.039999999,1.245000005
311911,2006,12.9,458.7,9.1,15.2,248.3,6412.5,4329,2123.4,236.7,586.8,82.6,1743,1359.3,383.7,1.18900001,1.264000058,1.057000041,1.406000018,0.120999999,0.947000027,0.120999999,0.948000014
311919,2006,31.6,1028.4,22.4,37.3,556.7,16366.7,4419.3,11837.2,241.7,599,210.8,5303.7,3877.9,1425.8,1.199000001,1.199000001,1.067000031,1.531999946,0.039999999,1.230999947,0.039999999,1.231999993
311920,2006,11.4,551.4,7.5,15.1,308.8,6993.4,3640.6,3388.6,170.1,564.9,94.8,3751.9,2288.9,1463,1.059999943,1.195000052,1.023000002,1.444000006,0.014,1.014000058,0.014,1.014999986
311930,2006,5.5,268.2,3.8,7.4,161.7,8041.9,1374,6644.1,62.9,312.8,31.1,1341.9,837.6,504.3,1.161000013,1.18599999,1.083999991,1.348999977,0.039999999,1.049000025,0.039999999,1.049000025
311941,2006,13.7,618.7,9.1,18.9,307.5,6262.9,3398.1,2859,158.6,642.4,58.2,2397.5,1625.1,772.4,1.116000056,1.192000031,1.062000036,1.294999957,0.012,0.91900003,0.012,0.91900003
311942,2006,16.5,860,10.9,22.7,427.4,6760.8,3272.9,3515.6,152.8,618.7,62.9,1738.7,1194.5,544.2,1.156999946,1.133000016,1.092000008,1.307999969,0.037,1.014000058,0.037,1.014999986
311991,2006,40.2,1302,30.5,61.7,839.6,8733.3,4793,3968.1,345.3,692.3,161.8,1835.7,1396.3,439.4,1.143000007,1.177000046,1.070000052,1.274999976,0.012,1.128999949,0.013,1.129999995
311999,2006,42.5,1617,32.2,65.1,1042.7,12100.8,6649.2,5472.4,479.1,960.4,224.2,3875.9,2794.8,1081.1,1.126999974,1.177000046,1.067999959,1.355000019,-0.025,0.981999993,-0.025,0.981000006
312111,2006,54.5,2427.7,27.9,60,1019.4,38919.9,23393.9,15486,1246.1,1501.2,434.3,14118.1,10131.9,3986.2,1.23300004,1.202000022,1.057000041,1.32099998,-0.063000001,0.957000017,-0.063000001,0.957000017
312112,2006,9.4,377.2,4.8,10.3,158.4,3742.8,1440.6,2306.1,76.7,92.4,41.8,968.3,745.3,223,1.11500001,1.202000022,1.075999975,1.251000047,0.039000001,1.411999941,0.039000001,1.411999941
312113,2006,5.8,169.1,2.9,6.3,71,774.8,149.2,629.7,6.4,9.6,8.6,339.9,232.8,107.1,1.356999993,1.202000022,1.039999962,1.261000037,-0.029999999,1.506999969,-0.029999999,1.468999982
312120,2006,25.4,1447.4,18.8,31,880.8,21574.9,7817.4,13770.2,1046.8,468,357.8,13793.6,9303.4,4490.2,1.258000016,1.187999964,1.074000001,1.472000003,0.037,0.94599998,0.037,0.947000027
312130,2006,23.9,1235.3,11.2,23.1,459.8,11680.4,4851.6,7083.5,500.5,6688.2,139.6,4003.7,2778.5,1225.2,1.121000051,1.149000049,1.098999977,1.20599997,0.032000002,1.220999956,0.032000002,1.222000003
312140,2006,5.3,270.1,3.5,6.9,149.4,5750.3,2013.9,3630.4,136.2,1464.3,36.9,1309.7,825.4,484.3,1.087000012,1.17900002,1.095000029,1.452999949,0.088,1.345999956,0.088,1.345999956
312210,2006,2,61.1,1.5,2.9,30.2,873.1,647.6,224.5,4.6,230.5,12.3,748.6,273.9,474.7,1.065000057,1.14199996,0.890999973,1.320000052,0.111000001,0.938000023,0.109999999,0.938000023
312221,2006,11.5,902,8.5,17.1,557.6,36365.7,3895.2,32489.1,172.3,3405.3,99.9,6569.2,3830.6,2738.6,1.86500001,1.146000028,0.894999981,1.286000013,-0.014,0.825999975,-0.014,0.825999975
312229,2006,6.1,293.2,4.5,9.1,181.3,4350.6,776.8,3548.3,38.3,679.1,12,770,456,314,1.411000013,1.190999985,0.952000022,1.281999946,-0.037999999,0.660000026,-0.037999999,0.660000026
313111,2006,25.8,725.3,23.1,48.9,593.5,5225.8,3295.6,1943.2,102.4,322.7,214.9,4365.3,2802.1,1563.2,0.975000024,1.003000021,1.105000019,1.105000019,-0.007,1.050999999,-0.007,1.049999952
313112,2006,15.6,460.6,14,29.6,376.9,4269.2,2909.2,1370.8,100,284.9,175.6,1601.9,1132.2,469.7,1.001000047,1.003000021,1.098999977,1.128999949,-0.014,1.088000059,-0.014,1.090999961
313113,2006,1.3,35.7,1.2,2.6,29.2,223.7,133.5,89,4.6,13.1,9.2,216.8,130.1,86.7,1.149999976,1.003000021,1.093999982,1.162999988,-0.045000002,0.927999973,-0.044,0.930999994
313210,2006,44.3,1364.7,38.3,77.7,1082.4,8033.3,4592.8,3428.6,146.6,1165.4,347,10148.6,6085.5,4063.1,0.980000019,1.014999986,1.093000054,1.202999949,-0.041000001,0.94599998,-0.041000001,0.947000027
313221,2006,8.6,278.7,6.5,12.6,171.3,1129.5,538.2,577.9,21,207.7,32.5,733.7,448.6,285.1,1.08099997,1.057000041,1.118999958,1.363000035,-0.041000001,0.961000025,-0.041999999,0.961000025
313222,2006,1.3,34.2,1,2,21,99.2,27.9,66.8,1,10.8,2,109,43.7,65.3,1.050999999,1.057000041,1.116999984,1.315999985,-0.017999999,0.787999988,-0.02,0.791000009
313230,2006,18,926.3,13.9,29.4,654.1,7638.8,3082.1,4579.6,255.8,777.6,232,3099.2,2425.1,674.1,1.057000041,1.172999978,1.090000033,1.251000047,0.192000002,1.532999992,0.192000002,1.534000039
313241,2006,7.3,205.3,6.1,12.6,145.8,1181,718.1,445.6,28,118,49.2,1163.6,669.9,493.7,0.90200001,1.024000049,1.080000043,1.462000012,-0.030999999,1.011000037,-0.032000002,1.011000037
313249,2006,7.7,241.4,6.4,13.3,171.4,1300.4,725.1,582.8,28.2,119.1,50.8,846.7,572,274.7,0.963,1.024000049,1.083999991,1.434000015,-0.015,0.873000026,-0.017000001,0.873000026
313311,2006,19,641.5,15.2,30.4,430.6,4307.2,2336,1879.8,53.5,384.1,215.6,2904.4,1588.3,1316.1,0.995999992,1.021999955,1.090000033,1.536999941,-0.068999998,0.899999976,-0.068000004,0.901000023
313312,2006,16.3,494.5,13,26,331.9,2849.9,1497.6,1343.8,34.3,246.2,142.7,1732.5,1066.3,666.2,0.957000017,1.021999955,1.103000045,1.491999984,-0.037999999,0.990999997,-0.035999998,0.990999997
313320,2006,8.8,369.7,6.4,13.9,220.1,2571.2,1733.2,832.6,98.7,349.7,59.1,1172.7,696.5,476.2,1.197000027,1.131999969,1.10800004,1.43900001,-0.056000002,0.934000015,-0.056000002,0.934000015
314110,2006,36.4,1247.4,30.5,69.9,902.8,15210.3,8540.8,6807.5,234.2,1106.4,262.8,3030.1,1839.2,1190.9,1.187000036,1.046000004,1.003999949,1.460999966,0.023,1.054999948,0.024,1.055999994
314121,2006,13.1,327.2,10.3,20.3,216.8,1268,608.4,654.1,15.1,142.6,11.2,348.3,171.9,176.4,1.024000049,1.013000011,1.034999967,1.307000041,-0.057,0.936999977,-0.057,0.936999977
314129,2006,24.8,646.5,19.5,38.4,428.4,5438.4,3498.7,1891.9,86.8,820.1,48.2,1214.4,765.8,448.6,1.004999995,1.013000011,1.021999955,1.337000012,-0.052000001,0.887000024,-0.052000001,0.887000024
314911,2006,6.2,166.5,4.6,8.9,93.3,791,417.5,375.9,7.1,82.2,4.9,199.7,114,85.7,1.11500001,1.093000054,1.003999949,1.235999942,0.001,0.967999995,0.001,0.967000008
314912,2006,19.6,623,14.5,28.1,349.1,2899.6,1330.4,1563.6,26.3,261.9,18.1,415.7,301.1,114.6,1.276000023,1.093000054,1.021999955,1.258999944,0.025,1.047000051,0.025,1.047000051
314991,2006,4.2,143.1,3.1,5.9,81.2,829.7,414,420.5,21.4,138.3,14.3,316.6,203,113.6,0.961000025,1.082999945,1.029999971,1.146999955,-0.023,1.251999974,-0.023,1.251999974
314992,2006,3.6,137.8,3,6,105,1131.8,763.9,375.1,13.5,170.9,63.6,582.7,368.4,214.3,1.113999963,1.039000034,1.00999999,1.241999984,0.002,0.925999999,0.004,0.927999973
314999,2006,37.6,1115.8,28.6,55.4,709.9,5695.7,2621.5,3032.4,117.3,667.1,68.4,2037.3,1384.1,653.2,1.082000017,1.082999945,1.014999986,1.271000028,0.035,1.067999959,0.035,1.067000031
315111,2006,6.4,145.3,5.4,10.4,106.4,1023.9,500.1,548.2,11.6,137.7,23.9,867.4,365.3,502.1,1.082000017,1.047999978,1.008999944,1.284999967,0.050999999,0.99000001,0.050999999,0.99000001
315119,2006,15.3,402.8,12.9,25,295,2327.3,1074.4,1243.1,24.3,295.8,54.2,896.9,554.4,342.5,1.136999965,1.050999999,1.006999969,1.271999955,0.056000002,1.003999949,0.056000002,1.003999949
315191,2006,4.9,126.4,3.7,6.9,78.4,1056.4,607.2,432.3,12.6,105,18.7,1147.1,523.7,623.4,1.003000021,1.024000049,1.031000018,1.378999949,-0.007,0.841000021,-0.008,0.839999974
315192,2006,0.8,24.7,0.6,1.2,15.3,380.4,232.3,135,4.9,40.2,6.7,386.1,154.6,231.5,0.995000005,1.024000049,1.026000023,1.383999944,-0.075999998,0.948000014,-0.075999998,0.947000027
315211,2006,18,366.8,15.5,27.8,275.1,1100.8,223.4,964.6,14.5,86.9,16.7,335.3,166.7,168.6,1.042999983,1.034999967,1.039000034,1.470999956,0.189999998,1.042000055,0.189999998,1.041000009
315212,2006,50.1,950.6,43.1,77.6,712.8,4318.2,1301.5,3098.3,84.7,506.2,65.5,759.1,437.2,321.9,1.019999981,1.034999967,1.052000046,1.419999957,0.207000002,1.192000031,0.207000002,1.187999964
315221,2006,0.7,15.6,0.5,1,10.2,89.6,40.3,49.4,0.9,14.2,0.7,118,49.8,68.2,1.021000028,1.011999965,1.072000027,1.340000033,-0.118000001,0.38499999,-0.118000001,0.38499999
315222,2006,7.8,188.6,6.2,11.5,122.9,1154.4,485,647.1,10.8,170.6,8.8,466.9,137.9,329,1.059999943,1.011999965,1.095000029,1.248000026,-0.088,0.934000015,-0.088,0.934000015
315223,2006,7.4,183.9,5.9,10.9,119.8,1057.8,604,460.9,13.4,212.4,8.1,844.2,400.1,444.1,0.972000003,1.011999965,1.057999969,1.291000009,-0.059999999,0.592000008,-0.059999999,0.592000008
315224,2006,4.3,86.3,3.4,6.3,56.3,854.9,359.6,481.4,8,126.5,6.5,1118.7,421.5,697.2,1.004999995,1.011999965,1.062999964,1.274000049,-0.280999988,0.460999995,-0.282000005,0.460999995
315225,2006,7.6,168.1,6.1,11.2,109.5,1107.8,541.7,576.1,12,190.5,8.5,272.5,143.1,129.4,0.973999977,1.011999965,1.042000055,1.238000035,-0.066,0.901000023,-0.066,0.901000023
315228,2006,4.6,96,3.7,6.8,62.6,574.6,289.5,285.1,6.4,101.8,4.4,373.1,147.1,226,1.019000053,1.011999965,1.087000012,1.279999971,-0.072999999,0.818000019,-0.074000001,0.818000019
315231,2006,3.2,94.4,1.9,3.8,39.7,919.8,467.9,445.1,7.5,82,3.7,477.6,171.3,306.3,1.019000053,1.014000058,1.057999969,1.16900003,-0.035,0.711000025,-0.035,0.711000025
315232,2006,9.4,357.7,5.7,11.2,150.4,3654.2,2180.7,1429.2,34.8,382.2,14.5,710.2,412.8,297.4,1.00999999,1.014000058,1.031999946,1.208999991,0.022,0.99000001,0.022,0.99000001
315233,2006,10.4,381.7,6.3,12.3,160.5,2586.5,1492.7,1095.6,23.9,261.6,10.3,868.9,337.5,531.4,0.995000005,1.014000058,1.09800005,1.177999973,0.030999999,0.925999999,0.030999999,0.925000012
315234,2006,2.4,79.9,1.5,2.9,33.6,623.2,323.8,300.5,5.2,56.8,2.5,423,126,297,1.011000037,1.014000058,1.083999991,1.233999968,-0.008,0.702000022,-0.008,0.702000022
315239,2006,14.8,519.4,9.1,17.6,218.4,3967.2,2040.5,1940.2,32.6,357.6,15.8,986.3,550.9,435.4,0.990999997,1.014000058,1.052999973,1.187000036,0.018999999,0.847000003,0.018999999,0.846000016
315291,2006,0.7,16.8,0.5,1,9.2,102.2,47.5,56.1,0.8,28.7,1.3,152.9,68.1,84.8,1.004999995,1.016000032,1.004999995,1.16900003,-0.088,0.48300001,-0.088,0.48300001
315292,2006,1.2,35.7,0.8,1.6,19.6,141.7,74.8,67.6,1.2,45.2,1.8,44.7,23.3,21.4,1.054999948,1.016000032,1.004999995,1.095000029,-0.048,0.824999988,-0.046999998,0.824999988
315299,2006,12.8,328.3,8.9,17.5,179.7,1357.4,577.8,797.2,9.2,348.8,17.3,196.6,127.1,69.5,1.08099997,1.016000032,1.011000037,1.152999997,-0.023,1.023000002,-0.022,1.023000002
315991,2006,5.8,150.2,4.4,8,89.1,476.6,215.8,257.9,4.4,68.5,3.7,190,89.9,100.1,1.077999949,1.116000056,1.062999964,1.25999999,-0.068999998,0.851000011,-0.068999998,0.851000011
315992,2006,1.8,38.9,1.4,2.6,23.1,171.1,98.3,67.3,2.3,31.2,1.3,104.1,47.4,56.7,1.095000029,1.116000056,1.032999992,1.238999963,-0.035,0.694999993,-0.035,0.694999993
315993,2006,2,64,1.6,2.8,38,369.5,189,175.9,4.1,60,2.9,62.8,34,28.8,1.072999954,1.116000056,1.06400001,1.25,-0.071000002,0.836000025,-0.07,0.836000025
315999,2006,7.6,191.1,5.9,10.6,113.4,909.5,491.3,413.7,11.6,155.9,7.1,391.1,179.5,211.6,1.082999945,1.116000056,1.057000041,1.243999958,-0.066,0.791000009,-0.066,0.791000009
316110,2006,4.8,179.8,3.6,7.1,119.4,1340,970,345,10.8,113.6,37.1,676.8,315.7,361.1,1.172000051,1.233999968,1.00999999,1.440999985,-0.075000003,0.748000026,-0.075999998,0.749000013
316211,2006,2.4,80.1,1.9,3.7,51.2,494.1,223.5,282.2,5.4,80.2,4.3,175.2,79,96.2,1.110999942,1.166000009,1.014000058,1.218000054,0.039999999,0.936999977,0.039999999,0.936999977
316212,2006,0.7,18.6,0.6,1.1,11.9,128.4,66.3,54.8,1.7,23.8,1.1,40.2,20.4,19.8,1.06400001,1.166000009,1.003999949,1.218000054,0.045000002,0.920000017,0.045000002,0.920000017
316213,2006,6.5,184.5,5.3,10,117.8,918.6,491.8,426.2,13.1,176.4,8,376.3,169.3,207,1.055999994,1.166000009,1.021000028,1.144000053,-0.001,0.856999993,-0.001,0.856999993
316214,2006,3.5,96,2.8,5.4,61.3,348.3,147.5,218.7,3.7,52.9,3,213.7,55.9,157.8,1.057999969,1.166000009,1.011000037,1.18900001,0.077,1.128999949,0.077,1.128999949
316219,2006,1,30.1,0.8,1.6,19.2,91,37.5,57.7,1,13.5,0.8,99.5,31.5,68,1.062999964,1.166000009,1,1.157999992,0.061999999,1.021000028,0.061999999,1.021000028
316991,2006,4.8,131,3.6,7.1,74.1,637,238,421.6,16.5,122.3,3.5,216.8,126.1,90.7,1.055999994,1.141000032,1.034000039,1.228000045,0.023,0.694999993,0.023,0.694999993
316992,2006,2,68.9,1.5,2.9,38.9,655.2,243.1,450.6,14.8,124.9,3.6,77.9,31,46.9,1.268000007,1.141000032,1.047999978,1.256999969,0.171000004,1.996000051,0.171000004,1.996000051
316993,2006,2.8,95,2,4.1,53.7,494.2,222.3,281.1,15.2,114.2,2.7,82.8,40.8,42,1.01699996,1.141000032,1.042999983,1.218000054,0.067000002,1.144999981,0.067000002,1.144000053
316999,2006,7.7,194.1,5.7,11.3,109.7,834.4,381.8,473,27.7,196.2,4.6,193.5,109.1,84.4,1.110000014,1.141000032,1.02699995,1.289999962,0.028000001,0.856999993,0.028000001,0.856999993
321113,2006,90.9,3358.3,76.3,169,2586.4,25671.3,17397.9,8278.8,969.9,3175.8,670.6,9524.9,6355.1,3169.8,0.938000023,1.029000044,1.070000052,1.360999942,0.024,1.078999996,0.025,1.078999996
321114,2006,13.1,505.2,11,24.4,389.1,6482.1,4964.8,1508.5,247.3,906.3,169.3,1184.6,804.6,380,1.019000053,1.126000047,1.093999982,1.383999944,0.009,1.116000056,0.01,1.121000051
321211,2006,18.9,606.8,16.5,35.1,489.5,3644,2333.2,1314,93.3,346.9,109.9,961.9,544,417.9,1.080000043,1.029999971,1.095999956,1.296000004,-0.046,0.977999985,-0.046,0.978999972
321212,2006,19.6,755.7,17.2,36.5,609.6,4616.1,3205.9,1418,123.5,476.6,139.2,2072,1138.4,933.6,0.904999971,1.029999971,1.067999959,1.30400002,0.108000003,1.164000034,0.108999997,1.162999988
321213,2006,8.4,337.7,6.3,13.1,207.8,2940,1897.5,1029,77.2,237,26.9,533.9,399.5,134.4,0.978999972,1.070000052,1.090999961,1.284999967,0.018999999,1.129999995,0.018999999,1.128000021
321214,2006,46.6,1557.8,35.3,73,958.8,6679.9,3456.8,3187.8,140.6,431.7,61.2,1080.3,778.9,301.4,0.984000027,1.070000052,1.093999982,1.279999971,0.005,1.174000025,0.005,1.174000025
321219,2006,21.2,913.4,16.8,36.1,647.9,7868.7,4382.2,3498.1,315.5,595.6,571.7,3679.7,2685.6,994.1,1.20599997,1.231999993,1.06400001,1.39199996,0.032000002,1.111999989,0.033,1.111999989
321911,2006,81.7,2871.6,64.9,128.3,1998.5,15361.3,8378.9,6917.9,338.5,1580.9,185,3003.5,1971.8,1031.7,1.146000028,1.093999982,1.090999961,1.230999947,0.012,1.014000058,0.012,1.014999986
321912,2006,32.9,1012.7,26.2,51.7,704.8,7115.9,4732.1,2432.4,191.2,892.8,85.7,2236.7,1354.3,882.4,0.995000005,1.069000006,1.095000029,1.228999972,0.074000001,1.108999968,0.074000001,1.10800004
321918,2006,45.1,1471,35.9,70.8,1023.7,7961.4,4579,3375.8,185,863.9,95.9,1528.1,974.7,553.4,1.167000055,1.072999954,1.097000003,1.222000003,0.039999999,1.003999949,0.039999999,1.003999949
321920,2006,51.8,1400.3,43.3,87.2,990,6544.6,3541.6,3011.9,220.8,587.9,96.7,1650,927.9,722.1,1.167999983,1.116999984,1.100000024,1.305999994,0.004,0.992999971,0.004,0.992999971
321991,2006,43.9,1345.9,35.4,69,921.1,6788.4,3863.7,2896.6,232.3,401.8,32.9,1677.7,403.1,1274.6,1.333999991,1.136000037,1.210999966,1.23300004,-0.041999999,0.739000022,-0.041999999,0.739000022
321992,2006,26,885,18.8,36.6,511.2,4504.9,2455.5,2053.6,66,381.6,24.6,938.5,366.7,571.8,1.350000024,1.10800004,1.141000032,1.253000021,-0.014,0.902999997,-0.014,0.902999997
321999,2006,36.1,1123.2,28.5,57.1,756.3,6224.7,2901,3344.5,303.4,936.9,126.6,1719.4,1052.6,666.8,1.179999948,1.097000003,1.093000054,1.27699995,-0.054000001,1.018000007,-0.054000001,1.018000007
322110,2006,6.7,486.1,5.3,12.3,364.8,4257.4,2450.4,1765.9,355.4,397.9,354,6852,4657.7,2194.3,1.090000033,1.14199996,1.06400001,1.654999971,0.02,1.210999966,0.018999999,1.207000017
322121,2006,79.6,4835.3,63.4,136.5,3672.5,47777.8,21500.9,26361.6,1695.7,4412.9,3982.5,38093.9,28329.2,9764.7,1.139999986,1.182999969,1.074000001,1.506999969,0.017999999,1.159999967,0.018999999,1.164000034
322122,2006,5.5,392.4,4.4,9.4,298.1,3648.9,2030.4,1618,192.9,416.7,304.2,6381.9,4733.6,1648.3,1.175999999,1.182999969,1.062999964,1.452000022,-0.009,0.90200001,-0.008,0.893999994
322130,2006,36.1,2305.2,28.4,61.6,1709.4,23241.5,11481.5,11785,941.2,1479.9,2798.3,20692.5,15714.5,4978,1.256999969,1.169999957,1.067999959,1.547000051,0.034000002,1.123999953,0.034000002,1.126000047
322211,2006,98.6,4566.6,75.9,164.5,2979.2,31787.1,20727.2,11162.1,1820.3,2868.3,535.8,10129.6,7528.2,2601.4,1.422999978,1.157999992,1.034999967,1.343000054,-0.037999999,0.80400002,-0.037999999,0.80400002
322212,2006,40.2,1768.6,31,67.1,1153.9,10421.9,5813,4614.9,504.7,804.4,175.7,3993.5,2786.3,1207.2,1.315999985,1.157999992,1.02699995,1.271999955,-0.016000001,0.887000024,-0.016000001,0.887000024
322213,2006,3.9,136.3,3,6.4,88.9,550.6,285.3,265.7,23.9,39.5,9.3,299.6,186,113.6,1.348999977,1.157999992,1.019999981,1.327999949,-0.052000001,0.859000027,-0.052000001,0.859000027
322214,2006,7.5,309.1,5.8,12.6,201.6,2223,1318.9,904.3,117.8,182.5,37.5,832.6,508.7,323.9,1.381999969,1.157999992,1.046000004,1.30400002,-0.014,0.795000017,-0.014,0.795000017
322215,2006,10.8,386.8,8.3,18.1,252.3,3458.5,1901.5,1565.1,165.3,263.1,58.3,1519.6,896.3,623.3,1.320000052,1.157999992,1.021999955,1.277999997,0,0.98299998,0,0.98299998
322221,2006,4.5,205,3.2,6.7,121,1350.9,820.7,531.4,41.9,157.5,31.2,602.6,409.6,193,1.179999948,1.195000052,1.055999994,1.36500001,0.008,0.964999974,0.009,0.966000021
322222,2006,32.1,1609.3,22.7,47.8,949.3,12868.3,6513.6,6366.4,332.5,1249.7,297.3,4675.9,3388.9,1287,1.118999958,1.195000052,1.037999988,1.394999981,0.017999999,0.987999976,0.017999999,0.989000022
322223,2006,2.8,117.6,2.3,5,82.8,715,416.4,300.1,17,84,10,219.8,154.1,65.7,1.256999969,1.187000036,1.018000007,1.286999941,-0.054000001,0.992999971,-0.054000001,0.992999971
322224,2006,10,356.6,8,17.5,251.2,2264.2,1372.1,892.8,49.1,276.9,31.8,804.6,568.6,236,1.167999983,1.190999985,1.013000011,1.284999967,-0.043000001,0.93599999,-0.043000001,0.93599999
322225,2006,4.4,221.1,3.6,7.8,155.8,1645.2,1028,624.7,42.1,207.5,23.1,596.7,458.3,138.4,1.126999974,1.202999949,1.016000032,1.307000041,-0.059999999,1.049999952,-0.059999999,1.049999952
322226,2006,2.7,107.9,2.1,4.7,76,1014.7,725.6,313.7,29.7,146.5,14.2,413.6,246.2,167.4,1.159000039,1.19599998,1.02699995,1.292999983,-0.028999999,0.931999981,-0.028999999,0.931999981
322231,2006,9.4,349.2,7.4,15.3,232,3424,2194.8,1254.8,63.5,363.1,40.3,818.6,514.9,303.7,1.253000021,1.161000013,1.018000007,1.101999998,-0.008,0.980000019,-0.008,0.980000019
322232,2006,17.4,722.8,13.7,28.3,480.2,3694,2145.6,1544.4,54.1,355,43.5,1083.3,711.1,372.2,1.123999953,1.169999957,1.01699996,1.098999977,0.027000001,1.004999995,0.027000001,1.003999949
322233,2006,4.7,158.3,3.7,7.5,105.2,1241.9,540.9,665.5,13.6,89.5,14.6,592.7,303.2,289.5,1.169999957,1.166000009,1.029999971,1.123000026,0.023,0.936999977,0.023,0.936999977
322291,2006,15.7,765.9,13.1,28.8,582.7,8608.5,3521.1,5051,303.8,561.1,184.7,5698.1,4384,1314.1,1.069000006,1.174999952,1.006000042,1.25999999,0.027000001,1.105999947,0.027000001,1.105999947
322299,2006,20.6,786.3,16.1,32,515.2,4839.6,2505.3,2364.5,101.7,514,133.5,1894.7,1245.5,649.2,1.16900003,1.161000013,1.041000009,1.299000025,-0.028000001,0.962000012,-0.027000001,0.962000012
323110,2006,306.1,13314.4,218.1,428.1,8208,51919.9,21367,30737.4,2143.7,3357.5,815.6,27125.4,21670.8,5454.6,1.174000025,1.129999995,0.953000009,1.213999987,-0.014,0.871999979,-0.014,0.871999979
323111,2006,16.2,698.8,11.6,22.7,430.8,3909.5,1958.6,1980.7,191.3,307.8,61.4,2728,2023.9,704.1,1.129999995,1.129999995,0.953000009,1.276000023,-0.023,0.986000001,-0.023,0.984000027
323112,2006,31.7,1410.3,22.6,44.3,869.4,6795.5,3275,3572.4,328.6,514.6,106.7,3316.9,2343.9,973,1.167000055,1.129999995,0.949000001,1.207000017,-0.01,0.981999993,-0.01,0.98299998
323113,2006,66.2,2094.8,47.1,92.5,1291.4,8164,3413.8,4762.3,342.5,536.4,128.2,3468.3,2511.7,956.6,1.077999949,1.129999995,0.963999987,1.246000051,0.017000001,1.011999965,0.017000001,1.011999965
323114,2006,33.8,1039.9,24.1,47.3,641.1,3456.7,1069.9,2378,107.3,168.1,54.3,2005.4,1543.1,462.3,1.10800004,1.129999995,0.944999993,1.174999952,-0.017999999,0.871999979,-0.017999999,0.871999979
323115,2006,35.9,1439.4,25.6,50.2,887.3,5489.7,1688.7,3790.8,169.4,265.4,86.2,677.3,565.6,111.7,0.958000004,1.129999995,0.954999983,1.194000006,0.027000001,2.184999943,0.027000001,2.186000109
323116,2006,23.7,916.3,16.9,33.2,564.9,5809.2,2359.7,3454.3,236.7,370.8,91.3,3551.2,2448.6,1102.6,1.253999949,1.169999957,0.94599998,1.207999945,-0.064999998,0.683000028,-0.064999998,0.683000028
323117,2006,31.9,1265.3,22.7,44.6,780,5012.8,1859.9,3164.3,169.7,292.3,78.7,2380.3,1705.5,674.8,1.090999961,1.129999995,0.944999993,1.220000029,0.009,1.008000016,0.009,1.008000016
323118,2006,8.7,302.4,6.2,12.1,186.4,1627,674.5,938.4,67.7,106,25.6,933.8,610.9,322.9,1.101999998,1.184000015,0.967000008,1.172999978,-0.005,0.768999994,-0.005,0.768999994
323119,2006,19.3,702.8,13.7,27,433.2,2530.2,922.6,1608.8,92.6,145,39.7,1870.5,1227.2,643.3,1.220999956,1.129999995,0.952000022,1.215999961,-0.003,0.850000024,-0.003,0.851000011
323121,2006,23.6,757.2,17.8,35.5,482.3,2042.6,520,1523.8,69.7,132.1,23.7,903.4,600.6,302.8,1.172000051,1.13499999,0.934000015,1.190999985,0.034000002,0.855000019,0.034000002,0.853999972
323122,2006,22.9,1168.5,17.2,34.3,744.1,3042.4,608.4,2445.7,94.9,154.6,35.3,2032,1412.7,619.3,0.976000011,1.057999969,0.950999975,1.177999973,0.041999999,0.976999998,0.041999999,0.976999998
324110,2006,60.9,5941.4,37.8,87.7,3301.9,512142.7,402945.6,111187.9,10928.7,26897.9,11149.9,94663.5,64239.3,30424.2,2.282000065,2.094000101,1.06400001,1.730999947,-0.115000002,0.995999992,-0.115000002,0.995999992
324121,2006,15.5,748.4,11.5,24,536.5,11717,7418.9,4385.7,248,685.8,708.7,2781.1,2135.4,645.7,1.720000029,1.730999947,1.026000023,1.735999942,-0.044,1.003999949,-0.044,1.004999995
324122,2006,11.6,633.9,8.8,20.7,452.3,8951.8,5201.2,3816.5,210.8,673.7,185,2000.4,1521.8,478.6,1.427000046,1.498000026,1.034000039,1.567999959,-0.041000001,1.05400002,-0.041000001,1.05400002
324191,2006,10.5,615.2,5.8,12.3,282.3,11527.4,5985.7,5605.1,123.6,900,105.2,1578.2,1094.7,483.5,1.93599999,1.766000032,1.057999969,1.534999967,-0.094999999,1.072000027,-0.094999999,1.072000027
324199,2006,2.5,139.3,1.9,4.2,95.5,2472.3,1713.3,796.9,42.2,275.6,76.3,1071.9,627.9,444,1.394999981,2.035000086,1.138000011,1.611999989,-0.017999999,1.207999945,-0.017999999,1.20599997
325110,2006,9.1,793.7,5.8,12.8,469,65783.3,39434.6,26517.8,682.5,2494.8,3984.8,13206.3,9139.3,4067,2.506000042,1.605999947,0.911000013,1.779999971,0.022,0.875,0.018999999,0.875
325120,2006,10.8,607,6.2,13.3,355.7,8766.6,3589.3,5131.1,774.2,436.6,1182.6,6714.3,5558.3,1156,1.263000011,1.432000041,0.911000013,1.139999986,0.125,0.950999975,0.118000001,0.944000006
325131,2006,6.6,399.8,4.3,8.8,232.3,4727.8,2091.9,2671.2,236.5,709,255.9,3134.3,2235.7,898.6,1.100999951,1.282999992,0.953999996,1.590999961,0.028000001,1.238000035,0.029999999,1.236999989
325132,2006,5,273.6,3.2,6.7,158.9,2271.4,1155.6,1130.8,133.9,391.7,92.6,1989.4,1339.5,649.9,0.958999991,1.282999992,0.950999975,1.57099998,0.009,1.194000006,0.007,1.197000027
325181,2006,6.6,481.9,4.6,8.5,289.3,6361.4,3128.9,3281.4,255.6,347,1578.2,2881,2152,729,1.27699995,1.30400002,0.921000004,1.445000052,-0.086000003,1.299000025,-0.083999999,1.299000025
325182,2006,1.6,103.5,1.1,2.6,70.9,1509.3,841.3,641.1,112.9,180.5,113.5,1094.5,764.2,330.3,1.764000058,1.45599997,0.947000027,1.720999956,-0.052000001,0.763999999,-0.050999999,0.765999973
325188,2006,39.3,2720.2,21,44.3,1265.6,19192,7728.7,11511.8,701.8,1693.2,1593.2,12055.5,8908.3,3147.2,1.248999953,1.315999985,0.944000006,1.381000042,-0.039999999,0.912,-0.039000001,0.911000013
325191,2006,1.6,78.2,1,2.1,44,1161.6,512.1,724.4,29.8,79.1,71.2,569.5,390.4,179.1,1.406000018,1.421000004,0.939999998,1.669999957,-0.052000001,1.032999992,-0.052999999,1.039000034
325192,2006,3.3,276.1,2,4.3,155.5,5456.8,2413.9,3221.2,140.7,372.9,334.4,5349.9,3831.8,1518.1,1.340000033,1.421000004,0.924000025,1.588000059,0.083999999,1.088999987,0.085000001,1.095999956
325193,2006,5.3,271.2,3.3,6.8,152.7,9920.3,6028.4,4172,351.3,931.2,607.9,1438.6,1100.6,338,1.424000025,1.421000004,0.975000024,1.661999941,-0.054000001,1.809999943,-0.055,1.799000025
325199,2006,64,4414.4,39.3,82.5,2485.3,69856.4,46133.2,23687.2,2688.4,7125.9,4280.8,41736.9,30447.3,11289.6,1.391000032,1.421000004,0.92900002,1.682999969,0,0.936999977,-0.001,0.936999977
325211,2006,54,3697.7,35.5,76.8,2182.9,78908.9,54017.7,25459.5,2267.8,7709.9,3529.5,30335.7,23816.7,6519,1.424999952,1.416000009,0.933000028,1.583999991,-0.006,0.970000029,-0.007,0.970000029
325212,2006,8.6,540.5,6.2,12.7,349.5,6915.8,4791.7,2267,243.6,1029.7,388.4,3823.3,2849.5,973.8,1.342000008,1.437999964,0.93599999,1.590999961,-0.033,0.842000008,-0.033,0.842999995
325221,2006,1.3,66.7,1.1,2.5,48.7,901.3,383,589.9,14.5,74.4,55.9,1557.8,687.1,870.7,1.052000046,1.215000033,0.924000025,1.537999988,0.072999999,1.366999984,0.074000001,1.370000005
325222,2006,14.6,639.9,12.3,27.7,467.6,7587,4481.4,3177.8,171.5,870.6,470.9,8739.4,5396.3,3343.1,1.055999994,1.256999969,0.938000023,1.498000026,-0.004,0.933000028,-0.004,0.935000002
325311,2006,3.2,214.9,2.2,4.6,141.5,4146.1,2724.3,1390.5,124.7,380.5,588.4,2939.1,1864.7,1074.4,1.299999952,1.664999962,0.935000002,1.625,-0.104000002,1.046000004,-0.103,1.044999957
325312,2006,5.7,349.2,4.3,9.6,242.8,5068.2,3781.6,1261.4,228,612.5,178.3,3874.7,2412.8,1461.9,1.222000003,1.279999971,1.006000042,1.376999974,-0.027000001,0.864000022,-0.027000001,0.862999976
325314,2006,7.2,302.6,4.6,10.1,158.1,3919.2,2232.4,1692.2,60.3,479.7,46.2,1388.1,824.3,563.8,1.225000024,1.315000057,1.023000002,1.40199995,-0.001,1.106999993,-0.001,1.106999993
325320,2006,10.7,614.6,6.5,13.8,299.1,14013.7,4978.8,8946.1,179.3,1335.2,165,4209.5,3131.8,1077.7,1.078999996,1.195000052,0.962000012,1.458999991,-0.037999999,1.205000043,-0.037999999,1.203999996
325411,2006,19.6,1436,9.7,19.6,525.7,9250.8,3982,5230.1,331.1,1407.2,220.5,9964.7,6719.1,3245.6,1.273000002,1.246000051,0.885999978,1.457999945,-0.061999999,0.623000026,-0.061999999,0.623000026
325412,2006,162.9,11139,83.5,166.6,4030,143793.2,36401,109212.4,3631.8,16944.2,838.7,50520.3,30069.3,20451,1.452999949,1.251999974,0.964999974,1.289000034,-0.018999999,0.907000005,-0.018999999,0.907000005
325413,2006,25.6,1876.4,8.9,17.5,485.5,11614.7,3428.3,8197.6,296.8,1269.9,66.3,5856.8,4491.6,1365.2,1.340000033,1.248999953,0.832000017,1.182999969,0.045000002,0.791999996,0.045000002,0.791999996
325414,2006,25.4,1657,11.9,23.8,665.2,16275.2,4645.7,11503.1,695.6,3098.9,160,6153.1,3729.5,2423.6,1.332999945,1.241000056,0.986999989,1.289000034,0.108999997,1.177000046,0.108999997,1.177000046
325510,2006,39.6,2059.8,22.3,46.3,933.2,23727.6,11472.9,12308.7,283.9,2105.5,173.4,6004.7,3150.4,2854.3,1.333999991,1.190999985,0.950999975,1.302999973,-0.054000001,0.926999986,-0.054000001,0.926999986
325520,2006,20.6,1083.1,13,27.3,522,9546,5038.8,4546.1,203.9,794.7,132.6,2888.9,1961.1,927.8,1.279999971,1.30400002,0.93599999,1.378999949,-0.027000001,0.930999994,-0.027000001,0.930999994
325611,2006,22.2,1137.5,13.5,27.4,625.3,23818.6,9969,13013.1,375.5,1135.2,203,7282.3,4843.4,2438.9,1.167999983,1.220999956,0.925000012,1.559000015,-0.032000002,1.078999996,-0.033,1.078999996
325612,2006,16.5,758.1,10.1,20.5,416.7,9540.5,4490.7,4886.3,151.1,511.4,84.6,3150.9,1842,1308.9,1.184999943,1.200000048,0.93599999,1.501999974,-0.079000004,0.813000023,-0.079999998,0.813000023
325613,2006,6,365.6,3.7,7.4,201,7244.2,6667.6,1590.1,229.8,759.3,144,3974.1,2815.7,1158.4,1.248000026,1.266000032,0.948000014,1.633999944,-0.122000001,0.625,-0.119999997,0.614000022
325620,2006,55.7,2803.3,34.6,68.4,1401.5,44064.1,22314.2,22028.7,652.7,3694,165.8,7861.2,5202.9,2658.3,1.10800004,1.192000031,0.967000008,1.302999973,-0.014,0.940999985,-0.014,0.940999985
325910,2006,11.1,544.3,6.9,14.2,275.7,4868.8,2798.7,2070.6,90.1,528.8,34.9,1178.4,809,369.4,1.067000031,1.195000052,0.930000007,1.207999945,0.017999999,1.021000028,0.017999999,1.021000028
325920,2006,6,282.5,4.1,8,153.2,1409.4,765.9,664.1,32.1,176.5,27,748.3,382.6,365.7,1.226999998,1.417999983,0.930000007,1.483999968,0.037,0.990999997,0.037,0.99000001
325991,2006,21,1004.8,14,29.8,557.3,10092.7,6468.4,3673.4,204.3,1129,227.2,2981.1,2263.1,718,1.266000032,1.274999976,0.921999991,1.169999957,-0.052999999,0.875,-0.052999999,0.875
325992,2006,25,1237.3,13.6,26.4,588.1,10944.9,4595.8,6308.4,210.7,1015.4,228,7297.3,4620.5,2676.8,0.944999993,1.159999967,0.930000007,1.708999991,0.005,1.083999991,0.006,1.070000052
325998,2006,32.7,1630.6,17.8,34.5,775,14424.5,7076.4,7330.8,324.4,1563.4,300.5,6825.1,4604.1,2221,1.302999973,1.241999984,0.93599999,1.527999997,-0.033,0.810000002,-0.033,0.810000002
326111,2006,31.7,1266.4,25.7,55.4,895.5,9651.8,5514.7,4206,291.1,971.3,213.8,4100.2,2889.8,1210.4,1.444000006,1.332999945,1.090000033,1.164999962,-0.018999999,0.861000001,-0.02,0.861000001
326112,2006,22.2,1027.5,17.5,37.5,723.3,8207.8,4493,3754.2,310.8,841.4,190.8,2152.6,1631.2,521.4,1.138000011,1.332999945,1.085000038,1.246999979,-0.043000001,1.264000058,-0.043000001,1.264000058
326113,2006,42.6,1997,31.2,67.8,1272.2,16626.3,9821.6,6884.8,609.8,1754.8,510.9,8089.8,5556.8,2533,1.373000026,1.332999945,1.090000033,1.225000024,-0.009,0.880999982,-0.009,0.880999982
326121,2006,26.5,1079,20,43.4,678.8,6924.1,3445.9,3455.7,223.1,679.9,181.5,2795,1949.1,845.9,1.08099997,1.328999996,1.093000054,1.164000034,-0.006,1.256000042,-0.006,1.256000042
326122,2006,20.1,830.6,15.4,32.2,525.7,9301.4,5761.1,3637.7,256.1,1075,194.7,2473.5,1837.3,636.2,1.75,1.355000019,1.098999977,1.050999999,-0.140000001,0.805999994,-0.140000001,0.805999994
326130,2006,9.9,434,7.6,15.2,272.9,2666.2,1178.2,1490.9,82.2,296.7,67.5,1091,752.2,338.8,1.220000029,1.24000001,1.090999961,1.412999988,0.044,0.947000027,0.045000002,0.947000027
326140,2006,32.8,1156.2,26.2,53.9,800.5,8518,4929,3648,273.2,813.1,281.3,3513.3,2306.8,1206.5,1.29400003,1.228999972,1.113000035,1.353999972,-0.034000002,0.925999999,-0.034000002,0.925999999
326150,2006,33.3,1261.2,25,51.1,745.7,10539.8,6249.8,4353.9,182.3,798.5,133.1,3198.3,1974.7,1223.6,1.343999982,1.210999966,1.101999998,1.315999985,-0.082999997,1.02699995,-0.082999997,1.02699995
326160,2006,29.4,1120.2,24.9,53.9,873.1,9893.6,5487.8,4479.5,498.3,904.3,395.2,5120.1,4177.9,942.2,1.243000031,1.40199995,1.070000052,1.041000009,0.041000001,1.06099999,0.039999999,1.059000015
326191,2006,26,816.9,20.2,41.5,521.5,4069.5,1820.9,2246,122.4,357.1,86.5,910,697.7,212.3,1.180999994,1.274999976,1.092000008,1.159999967,0,1.042000055,0,1.042999983
326192,2006,4.9,237.3,3.8,7.8,151.5,1767.5,890,899.5,63,174.5,37.6,828.7,508.4,320.3,1.136000037,1.241000056,1.095999956,1.172999978,0.02,0.950999975,0.02,0.949999988
326199,2006,436,15501.1,339.6,695.5,9895.1,85976.7,42724.5,43705.7,2788.6,8378.6,1827.8,35978.2,25982.9,9995.3,1.182000041,1.274999976,1.093000054,1.136000037,0.002,1.008999944,0.002,1.008000016
326211,2006,52.2,2788.8,41.8,81.9,2107.6,15269,9048.6,6136.2,498.2,1208.3,393.6,8744.6,5210.8,3533.8,1.159000039,1.179999948,1.07099998,1.358999968,-0.054000001,0.922999978,-0.054000001,0.921999991
326212,2006,8.4,279.5,6.7,13.1,211.2,1479.2,972.7,531.7,56.1,129.9,38.1,413.3,283.1,130.2,1.192000031,1.179999948,1.080000043,1.297999978,-0.068999998,0.941999972,-0.068999998,0.943000019
326220,2006,20.4,790.7,15.7,32.8,518.8,4460.1,2177.9,2284.4,111.2,549.8,87.2,1764.6,1034.9,729.7,1.200000048,1.179999948,1.090999961,1.299000025,0.012,0.961000025,0.012,0.961000025
326291,2006,37.3,1409.4,28.6,56.1,916.5,7544.1,3535.8,4032.1,139.1,580,149.9,2905.4,1893.6,1011.8,1.070000052,1.182999969,1.092000008,1.264000058,0.018999999,1.088999987,0.018999999,1.088999987
326299,2006,34.2,1327.4,26.2,51.4,863.2,8404,4727.4,3704.4,238.3,775.4,167,2930.3,1929.8,1000.5,1.098999977,1.182999969,1.093999982,1.274999976,-0.005,0.99000001,-0.005,0.99000001
327111,2006,5.9,210,4.9,10.6,165.3,982.1,221.6,746,15.2,124,54.1,316,216.1,99.9,1.095000029,1.218999982,1.039999962,1.600000024,-0.138999999,1.032999992,-0.136000007,1.036000013
327112,2006,8.6,280.1,6.7,11.1,192.4,911.7,267.3,634.2,21.9,141.2,44,833.5,577.1,256.4,1.177000046,1.284000039,1.07099998,1.526000023,0.012,0.816999972,0.012,0.819000006
327113,2006,6.6,281.7,5,10.6,177.5,1088.4,441.3,652.9,65.4,172.7,52.2,812.4,585.5,226.9,1.338000059,1.213999987,1.049999952,1.363999963,-0.015,0.782000005,-0.016000001,0.782000005
327121,2006,12.7,469.8,10.5,22.7,346.3,2355.1,795.9,1605.5,194.8,444,372.5,1430.6,1053.1,377.5,1.450999975,1.276000023,1.050999999,1.672999978,-0.063000001,0.93900001,-0.059999999,0.938000023
327122,2006,6.3,224.3,5.2,10.2,162.7,1178.9,424.1,756.5,34.9,165.2,77.7,652.4,482,170.4,0.808000028,1.215999961,1.070000052,1.590000033,0.045000002,1.741999984,0.041999999,1.738000035
327123,2006,1.5,57.5,1.2,2.8,40.2,237.9,72.1,169.1,8.1,44.7,23.3,178.3,94.1,84.2,0.921999991,1.261000037,1.078999996,1.656000018,-0.007,1.777999997,-0.006,1.774999976
327124,2006,4.1,175.6,3,6,112.4,1013.2,502.6,516.8,19.8,196.2,51.1,411.2,257.6,153.6,0.888999999,1.261000037,1.039000034,1.524000049,-0.108999997,1.282999992,-0.108999997,1.282999992
327125,2006,4.9,239.7,3.6,7.2,153.4,1270.1,569.8,703.1,23.7,222.5,64.1,934.7,517,417.7,1.246000051,1.253999949,1.074000001,1.468999982,-0.066,0.818000019,-0.066,0.819000006
327211,2006,10.7,495.2,8.5,18.1,366.7,3374.1,1583.8,1830.2,293.6,409.4,579.6,3538.8,2480,1058.8,0.985000014,1.230000019,1.037999988,1.580000043,-0.017999999,1.036000013,-0.014,1.042999983
327212,2006,18.8,840,15.2,32.5,647.3,3990.9,1722.6,2326.9,266.5,689.1,464.9,5914.5,4427.2,1487.3,0.995000005,1.192999959,1.054999948,1.444000006,0.054000001,0.763999999,0.057,0.76700002
327213,2006,14.2,767.2,12.6,25.9,655.6,4474.4,1878.3,2581.6,199.9,606.6,654.5,4891.8,3548.1,1343.7,1.210999966,1.299000025,1.042000055,1.495000005,0.022,0.976000011,0.025,0.981000006
327215,2006,57.3,2172.8,44.7,96.6,1465.9,11920.9,5613.4,6353.7,550.5,1099.8,310.5,5259.6,3778.4,1481.2,1.075000048,1.118000031,1.059999943,1.195000052,-0.003,0.995000005,-0.002,0.995999992
327310,2006,17.2,980.6,13.2,28.5,703.9,10761.9,3786.9,7125.7,928.6,1540.9,1609.8,9081.1,6453.5,2627.6,1.427000046,1.322999954,1.06099999,1.44599998,-0.046,0.828999996,-0.045000002,0.829999983
327320,2006,112.6,4829.6,91,197.8,3694.2,31887.3,16940.7,14955.7,1006,882.4,512.2,9710.3,7238.7,2471.6,1.462000012,1.274000049,1.032999992,1.529999971,-0.003,0.936999977,-0.003,0.938000023
327331,2006,23.5,1005.2,16.3,35.7,597.5,6253.6,2792.4,3554.2,268.9,853.7,102.2,2169.9,1432.3,737.6,1.371000051,1.243000031,1.069000006,1.378000021,0.013,1.097000003,0.014,1.097000003
327332,2006,14,580.9,9.7,21.3,345.3,3563.2,1281.1,2311.1,141.4,391.7,58.2,1255.4,862.1,393.3,1.394999981,1.246000051,1.074000001,1.373999953,0.023,0.968999982,0.023,0.970000029
327390,2006,63.8,2495.7,48.3,104.7,1615.6,11997.2,4622.7,7387.6,462.5,985,173.9,3825,2671.8,1153.2,1.39199996,1.22300005,1.072999954,1.378999949,0.016000001,0.981999993,0.016000001,0.981999993
327410,2006,4.2,212.5,3.2,6.9,151.7,1604.3,595.9,1010.8,131.7,140.7,362,887.1,614.4,272.7,1.343999982,1.328999996,1.032999992,1.699000001,0.050000001,1.126000047,0.050999999,1.126000047
327420,2006,11.9,612.3,9.8,22.3,449.8,7500,2934.8,4587.1,363.5,297.8,728.5,2014.2,1466.6,547.6,1.432999969,1.241000056,1.067000031,1.618999958,-0.012,1.011999965,-0.012,1.018000007
327910,2006,14.7,697,9.8,21,327,4571.4,1433.1,3134.3,136.3,510.7,92,2011.7,1312,699.7,1.075000048,1.149000049,1.057999969,1.31099999,0.052000001,1.074000001,0.052000001,1.075000048
327991,2006,26.8,953,20,41.4,640.4,3164.5,1126,2026,119.5,330.4,51.7,875.4,636.2,239.2,1.101999998,1.243000031,1.062999964,1.279000044,0.012,1.233999968,0.012,1.233999968
327992,2006,7.5,357.6,5.2,11.1,219.7,3489.2,1589.3,1903.8,143.8,460.9,340.9,1566.9,1044.8,522.1,1.274999976,1.287999988,1.047999978,1.506999969,-0.008,1.006000042,-0.009,1.008000016
327993,2006,18.8,945.5,15.6,35.2,733.2,6382.5,2476.3,4021.6,283.8,516.1,544.3,3127.8,2315.9,811.9,1.274999976,1.215000033,1.042000055,1.42900002,-0.009,0.958999991,-0.009,0.961000025
327999,2006,8.8,404.8,6.1,13.6,227.4,3058.2,1413.2,1656.3,138.5,219,80.5,1050.7,737.9,312.8,1.297999978,1.25,1.067999959,1.462000012,-0.030999999,1.041000009,-0.030999999,1.042999983
331111,2006,99.6,6896.6,80.3,174.6,5348.4,92014.3,58722.4,33826.8,1746.5,13176.3,6110.4,47449.8,37001.4,10448.4,1.371000051,1.273000002,1.062999964,1.268000007,-0.028000001,1.067999959,-0.028999999,1.069000006
331112,2006,2,114.5,1.6,3.5,88.8,1313.2,766,540.3,23.6,171.9,87.2,829.1,624.4,204.7,1.243999958,1.287999988,1.075999975,1.294999957,0.209999993,1.080000043,0.209999993,1.077999949
331210,2006,19.9,935.3,15.4,35,636.3,9129.9,5757.8,3473.7,166.5,1758.3,190.4,2928.7,2364.2,564.5,1.348999977,1.296000004,1.082000017,1.320000052,0.013,0.916999996,0.013,0.916999996
331221,2006,8.4,452.2,6.8,14.4,320.7,5874.7,4140.5,1722.6,124.9,1262.2,166.8,2422.1,1963.3,458.8,1.432000041,1.299000025,1.059000015,1.378000021,-0.101999998,0.847000003,-0.101999998,0.847000003
331222,2006,12.7,547.7,10.2,21.8,388.4,4589.9,2711.9,2054.7,84.3,826.7,130.3,2275.6,1798.2,477.4,1.277999997,1.299000025,1.069000006,1.319000006,0.015,0.981999993,0.015,0.981999993
331311,2006,1.4,91.7,1,2.3,56.8,1269.5,738.5,533.3,19.9,126.7,264.1,861.4,630.9,230.5,1.368000031,1.386999965,1.032999992,1.338999987,0.094999999,0.978999972,0.094999999,0.994000018
331312,2006,8.5,475.8,6.8,14.2,349.4,6181.7,3621.3,2575.3,102.5,638.2,1184.6,5265.4,2974.5,2290.9,1.223999977,1.402999997,1.036999941,1.100999951,-0.01,1.116999984,-0.005,1.121999979
331314,2006,6.8,344.6,5.2,11.1,240.6,7044,5506.2,1581.1,74.8,528.8,376,1448.4,956.1,492.3,1.286000013,1.299000025,1.026000023,1.281999946,-0.045000002,1.077000022,-0.045000002,1.080000043
331315,2006,18.4,1062,14.2,30.5,746,18276.8,14125.6,4487.7,367,2323.7,574.2,7145.6,5033.4,2112.2,1.297000051,1.261000037,1.036000013,1.286999941,-0.01,0.977999985,-0.01,0.977999985
331316,2006,24.8,987,20.3,46.3,715.2,8292.6,5967.9,2425.4,132.5,803.5,244.3,3094.7,2057.5,1037.2,1.335999966,1.254999995,1.032999992,1.258000016,-0.037,0.861000001,-0.037,0.861000001
331319,2006,2.8,123.7,2.2,4.7,86.9,1247.2,927.3,324.4,24.7,152.5,39.2,493,331,162,1.299000025,1.345000029,1.031999946,1.243999958,-0.063000001,0.861000001,-0.063000001,0.861000001
331411,2006,1.5,85.6,1.3,2.9,64.8,7594.9,5024.7,2675,79,488.6,222.6,2811.8,1805.5,1006.3,2.414999962,2.568000078,1.032999992,1.605000019,0.041999999,1.235999942,0.035999998,1.226999998
331419,2006,6.5,373.4,4.5,10,222.6,4835.2,3198.9,1703,249.8,748.1,141.7,2999.6,1935.1,1064.5,1.289999962,1.633000016,1.04400003,1.29400003,-0.043000001,1.157999992,-0.037,1.164999962
331421,2006,11.7,578.8,9.1,19.5,396.1,13548.7,12403,1520.4,120.3,1193.6,185.5,2927.5,2057.9,869.6,1.94599998,2.138999939,1.008000016,1.324000001,-0.130999997,0.887000024,-0.130999997,0.887000024
331422,2006,2.9,102.9,2.2,4.8,270,1461.8,1161.7,274.1,12.7,111.8,20,404.8,292.8,112,1.90199995,1.77699995,1.042999983,1.217000008,-0.114,0.694999993,-0.114,0.694999993
331423,2006,0.9,56.4,0.7,1.5,38.6,990.9,864.3,154.2,9.4,83.2,13.6,404.9,248,156.9,2.832000017,1.779000044,1.006999969,1.335999966,-0.137999997,0.514999986,-0.137999997,0.514999986
331491,2006,18.2,962.1,13,27.5,771.2,9570.3,5903.5,3915.6,265,1606.5,209.2,3155.4,2339.2,816.2,1.728999972,1.445000052,1.011000037,1.33099997,-0.101000004,0.800000012,-0.101000004,0.800000012
331492,2006,9.1,482.3,6.4,13.4,292.7,5335.8,3014.6,2481.5,194.4,1126.8,134,1797.9,1208.1,589.8,1.238999963,1.411999941,1.034999967,1.355999947,0.045000002,1.324000001,0.045000002,1.324000001
331511,2006,57.9,2740.9,47.3,105.8,2065.5,12519.5,6282.5,6353.9,444,1537.3,702.1,11282.8,8135.3,3147.5,1.070000052,1.246999979,1.021999955,1.197000027,0.013,1.07099998,0.013,1.07099998
331512,2006,17.1,738.5,14,31.3,556.5,3423.5,1146.6,2302.5,78.6,280.6,192,1179.7,898.9,280.8,1.088999987,1.246999979,1.036000013,1.167000055,0.066,1.207000017,0.066,1.210000038
331513,2006,19.7,862.4,16.1,35.9,649.9,4643.5,2466.9,2191.1,157.6,603.7,260.4,2475.1,1595.5,879.6,1.105999947,1.246999979,1.031999946,1.17900002,0.056000002,1.169999957,0.056000002,1.169999957
331521,2006,25.5,1055.8,21.2,44.8,800.9,5142.1,2813.9,2371.6,204.2,462,237.7,2914.6,2183.9,730.7,1.139999986,1.274999976,1.02699995,1.243999958,-0.002,1.069000006,-0.002,1.069000006
331522,2006,8.9,360.9,6.9,15.2,241.4,1733.9,793.7,952.7,33.3,226.3,52.2,876.7,645.9,230.8,1.175999999,1.258999944,1.041000009,1.172999978,-0.015,0.920000017,-0.015,0.920000017
331524,2006,21,790.4,17.5,36.9,599.5,3401.1,1491.9,1908.8,111.7,244.9,157.2,2127.9,1616.2,511.7,1.167999983,1.274999976,1.029999971,1.246000051,-0.003,0.902999997,-0.003,0.903999984
331525,2006,7.5,281.4,5.9,12.9,188.2,1452.7,622.3,847.4,26.8,177.4,43.7,525.6,327.2,198.4,1.156000018,1.258999944,1.034000039,1.175999999,0.059999999,1.353999972,0.059999999,1.353000045
331528,2006,5.5,247.5,4.3,9.5,165.5,1141.2,453.1,704.4,20.7,129.2,34.4,305.2,237.6,67.6,1.18599999,1.258999944,1.026000023,1.177999973,0.028999999,0.913999975,0.028999999,0.915000021
332111,2006,22,1050.7,16.9,38.2,701.8,6696.1,3852.8,2950.1,165.6,1117.4,277,3426.2,2376.2,1050,1.126999974,1.279000044,1.021999955,1.417000055,0.078000002,1.148000002,0.078000002,1.146999955
332112,2006,7.7,404.2,5.9,13.3,270,2607.6,1390.4,1274.9,62.7,403.3,107.9,1318.2,967.2,351,1.14199996,1.320000052,1.059999943,1.425999999,0.056000002,1.121999979,0.056000002,1.123000026
332114,2006,18.2,790.1,13.5,28.1,502.2,7247.7,4392.9,2890.2,130,980.7,82.3,1005.5,770.8,234.7,1.123999953,1.282999992,1.034000039,1.284999967,0.067000002,1.195000052,0.067000002,1.194000006
332115,2006,3.3,148.4,2.5,5.1,94.5,1140.6,736.6,432.5,42.5,160.8,18.2,609.3,472.2,137.1,1.246999979,1.25999999,1.034000039,1.319000006,0.032000002,0.930999994,0.032000002,0.930000007
332116,2006,62.9,2622.2,48.3,98.9,1670.6,11858.4,5873.7,5996.4,393.9,1282.4,189.2,7158,5543.9,1614.1,1.23300004,1.25999999,1.04400003,1.273000002,0.026000001,0.912,0.026000001,0.912999988
332117,2006,7.9,315.5,6.2,12.7,217.8,1337.9,615.4,726,52.3,142.4,48.8,956.9,760.2,196.7,1.039000034,1.25999999,1.01699996,1.253999949,0.021,0.948000014,0.022,0.949000001
332211,2006,4.7,245,3.5,6.9,152.6,1612.1,499.1,1033.1,19.2,154.5,23.7,1475.6,1183,292.6,1.197999954,1.218000054,1.02699995,1.325999975,-0.048,0.667999983,-0.048,0.667999983
332212,2006,34.5,1472.4,24.4,50.5,844.4,6234.2,2447.5,3777,167.5,1002.7,109.2,3101.8,2354.3,747.5,1.156000018,1.210000038,1.013000011,1.25,0.022,0.879000008,0.022,0.879000008
332213,2006,6,285.7,4.3,8.8,163.8,1319.9,525.3,807.5,33.7,215.2,23.1,637.1,518.9,118.2,1.077999949,1.235999942,1.001000047,1.208999991,0.028000001,0.994000018,0.028000001,0.994000018
332214,2006,4.1,162.1,3,5.9,101,1442,966,571.6,38,299.1,21.2,760,582.6,177.4,1.169999957,1.225000024,1.036000013,1.356999993,0.037,0.836000025,0.037,0.834999979
332311,2006,25,1052.9,17.9,37.9,643,6798,3974.9,2884.6,112.5,852,58.5,1356.5,902.9,453.6,1.496999979,1.253000021,1.001000047,1.284999967,0.048,0.813000023,0.048,0.81400001
332312,2006,94.3,4305.8,67.6,142.8,2629.5,28457.3,15366.1,13354.1,475.8,3293.6,244.8,5876.4,3747.4,2129,1.328999996,1.238999963,1.013000011,1.312999964,0.043000001,1.01699996,0.043000001,1.016000032
332313,2006,28.7,1225.3,20.6,43.5,748.3,5626.5,2759.4,2890.3,85.4,591.4,48.4,1388,868.3,519.7,1.200000048,1.246000051,0.987999976,1.261000037,0.050999999,1.175999999,0.050999999,1.174999952
332321,2006,70.3,2472.6,50.8,105.4,1476.9,13797.4,7728.3,6202.1,338.7,1799.9,144.6,3611.1,2607.8,1003.3,1.19599998,1.217000008,0.976999998,1.26699996,-0.014,0.939999998,-0.014,0.940999985
332322,2006,113.3,4479.4,81.8,169.8,2675.5,21198.4,10583.7,10774.5,435.5,2464.9,222.2,5734.4,4260.1,1474.3,1.29400003,1.235000014,0.976999998,1.315000057,0.009,0.883000016,0.009,0.882000029
332323,2006,39.3,1577.9,28.4,59,942.5,7661,3617.9,4039.4,173.7,842.6,80.3,1605.6,1190.7,414.9,1.434999943,1.238000035,0.973999977,1.315999985,0.013,0.869000018,0.013,0.869000018
332410,2006,19.7,1056.7,13.4,29.1,596.1,4773,2320.5,2577.8,92.7,610.9,103.6,1828.6,1096,732.6,1.371999979,1.268000007,1.065999985,1.32099998,0.112999998,0.912999988,0.114,0.913999975
332420,2006,33.4,1462.9,25.9,51.6,988.5,7089.7,3410.4,3798,162.7,989.8,96.8,1991.7,1170.4,821.3,1.305999994,1.261999965,1.041000009,1.363000035,0.093999997,1.092000008,0.093999997,1.092000008
332431,2006,17.8,993.7,14.3,30.8,742,12620.3,8187.7,4500.5,267.1,1337.4,266.9,5607.5,4340.6,1266.9,1.238000035,1.253000021,1.011000037,1.297000051,0.041999999,1.092000008,0.041999999,1.092000008
332439,2006,13.4,514.3,10.7,23.1,384,3338.2,1842.4,1511.7,64.3,300.9,70.6,1020.9,744.9,276,1.264000058,1.253000021,1.036000013,1.342000008,0.035999998,1.080000043,0.037,1.080000043
332510,2006,44.9,1765.9,33.2,66.3,1037.5,10367.7,4565.8,5882.5,171.4,1203,101.9,5284,3690.1,1593.9,1.213999987,1.190999985,1.001999974,1.264999986,0.02,0.962000012,0.02,0.962000012
332611,2006,4.2,178.5,3.3,6.9,117.5,938.1,559.8,394.5,29.2,135.8,16,446.4,306.3,140.1,1.225000024,1.264000058,1.011999965,1.333999991,-0.018999999,0.894999981,-0.018999999,0.893999994
332612,2006,14.9,589.3,11.6,24.5,388.1,2666.7,1222.5,1416.4,60.3,296.5,45.3,1395,971.6,423.4,1.18900001,1.264000058,1.011999965,1.309000015,0.006,0.963999987,0.006,0.963999987
332618,2006,33.6,1221.8,26.3,55.3,804.6,6258.2,3428.3,2885.1,194.1,831.4,106.4,2639.2,1807.2,832,1.215000033,1.264000058,1.014000058,1.297999978,-0.02,0.957000017,-0.018999999,0.957000017
332710,2006,262.7,11039.5,197.6,410.7,7504.4,35915.7,13527.3,22566.9,1476.1,4238.2,550.5,19632.1,15940.2,3691.9,1.156999946,1.156000018,0.995000005,1.205000043,0.041000001,0.921000004,0.041000001,0.921000004
332721,2006,73.8,3181,58.2,128.4,2199.3,10765.4,4059.4,6765.3,474.3,1400.5,172.9,5105.1,4228.8,876.3,1.103999972,1.218999982,0.995000005,1.167000055,-0.003,0.904999971,-0.003,0.904999971
332722,2006,41.5,1922.1,30.9,63.8,1237.7,9513.7,4202.8,5406.8,189.9,1580.2,159.2,4672.8,3418,1254.8,1.205000043,1.218999982,1.003999949,1.258000016,0.039999999,0.994000018,0.039999999,0.994000018
332811,2006,22,973.7,17.1,35.5,656.2,4576.3,1654.9,2920.6,81.7,363.2,185.1,2652.5,2038,614.5,1.144000053,1.25,1,1.437000036,0.055,1.095999956,0.056000002,1.093999982
332812,2006,51.2,2015.2,39.6,82.4,1358,13104.3,6483.5,6733.1,339.5,1423.1,529.9,4375.3,3370.7,1004.6,1.167000055,1.268000007,1.01699996,1.457999945,-0.003,1.09800005,-0.002,1.100000024
332813,2006,54.5,1989.7,42.2,87.7,1340.8,6599.2,2350.8,4260.3,113.2,516,266.9,3883.8,2657.1,1226.7,1.218999982,1.248999953,0.998000026,1.389999986,0.004,0.977999985,0.004,0.976999998
332911,2006,38.7,1803.2,26.7,56,1014.8,10614.6,4466,6337.9,211.8,1841.7,119.3,4272.1,3032.1,1240,1.307000041,1.217000008,1.00999999,1.174000025,-0.001,0.944999993,-0.001,0.944999993
332912,2006,32.6,1571.9,22.4,47.1,884.6,7954.2,3370.4,4725.7,159.8,1389.9,89.4,2631.1,1924.7,706.4,1.286999941,1.217000008,1.019000053,1.156999946,0.017000001,0.875,0.017000001,0.875
332913,2006,10.1,444,7.2,14.9,240.8,4161.3,2164.7,2072.2,50.2,508.2,26.7,1029.4,762.2,267.2,1.151000023,1.296000004,1,1.274000049,0.143999994,1.047999978,0.143999994,1.047999978
332919,2006,16.1,725.1,11.1,23.3,408.1,4356.2,1968.6,2458.9,101.6,811.8,48.9,1625.8,1092.8,533,1.332999945,1.217000008,1.027999997,1.203999996,0.041000001,1.021000028,0.041000001,1.019999981
332991,2006,25.9,1178.4,21,43.7,844.2,6817.9,2446.1,4494.4,228.3,1049.2,142.2,4740.5,3294.8,1445.7,1.202000022,1.172000051,0.990999997,1.251000047,-0.008,1.059000015,-0.008,1.059999943
332992,2006,9.1,410.1,7.4,17.1,298.2,1970.1,760.2,1245.6,23.3,311.4,31,512,313.2,198.8,1.136000037,1.207000017,1.001000047,1.402999997,0.012,1.388000011,0.012,1.389000058
332993,2006,7,348,4.1,8.1,148.1,1907,673.7,1291.5,33.2,198,39.7,789.6,400.2,389.4,1.088000059,1.207000017,1.023000002,1.373999953,0.115000002,1.48300004,0.114,1.48300004
332994,2006,9.8,419.1,7.2,14.6,251.5,1973.4,695.9,1280.1,76,468.6,27.8,606.9,407.8,199.1,1.20599997,1.192000031,1.013000011,1.215999961,0.034000002,1.13499999,0.034000002,1.13499999
332995,2006,5.3,358.1,2.2,4.5,100,1685.4,786.8,872.6,31.2,124.7,14.9,1057.2,464.9,592.3,1.238999963,1.194000006,1.021999955,1.307000041,0.061999999,0.972000003,0.061999999,0.972000003
332996,2006,26.6,1103.1,20.5,44.9,718.1,5713.5,2793.4,2964.8,121.4,868.3,70.4,1595,1092.6,502.4,1.381999969,1.264000058,1.003999949,1.235000014,0.050999999,0.957000017,0.050999999,0.957000017
332997,2006,4.3,199.6,3.3,6.7,129.5,531.7,141.4,415.2,6.1,37.7,7.9,306.5,206.3,100.2,1.101999998,1.174999952,1.011000037,1.297999978,0.008,1.04400003,0.008,1.04400003
332998,2006,4.3,185.2,3.3,6.7,120.2,1164.6,472.2,718.7,23.3,125.8,17.3,614.9,404.2,210.7,1.296000004,1.25,1.016000032,1.343000054,0,0.771000028,0,0.769999981
332999,2006,72.1,2909.4,54.5,111.2,1888.5,14803,6825,8220.2,279.2,1819,219.9,5035.1,3619.6,1415.5,1.144999981,1.215000033,1.018000007,1.322999954,-0.001,1.128999949,-0.001,1.128999949
333111,2006,52.8,2242.6,36.3,67.9,1353.5,19802.3,10216.1,9549.4,322.1,2360.3,143,6145.7,3907.1,2238.6,1.207000017,1.167999983,1.021000028,1.409999967,0.008,1.029000044,0.008,1.029000044
333112,2006,18.8,646.5,15.1,30,436.6,7516.7,5008.8,2411.7,132.6,1115.7,44.4,2149.2,1605.3,543.9,1.031999946,1.136000037,0.995999992,1.299000025,0.017000001,1.008999944,0.017000001,1.008999944
333120,2006,63,2924.9,42.6,85.3,1749.4,35152.8,22585.5,13202.9,593.5,4697.8,186.6,9038.4,5478.7,3559.7,1.225999951,1.174000025,1.021000028,1.375,0.028999999,1.047999978,0.028999999,1.047999978
333131,2006,9.7,472,6.4,13.6,255.2,2711.6,1450.3,1376.1,51,610.3,28.9,1037.5,567.5,470,1.30400002,1.172000051,1.006999969,1.253000021,0.064999998,0.88499999,0.064999998,0.88499999
333132,2006,36.9,2062.2,24.4,51.7,1115,12274.3,6969,5891.2,262.6,2932.4,130.7,3949.5,2198.1,1751.4,1.345999956,1.149000049,1.029000044,1.228999972,0.045000002,0.952000022,0.045000002,0.952000022
333210,2006,5.9,279.3,3.5,7.6,137.9,1149.3,528.2,644.7,33.8,188.1,11.2,549.6,333.1,216.5,1.11500001,1.034999967,0.998000026,1.273000002,0.012,0.943000019,0.012,0.943000019
333220,2006,13.6,711.7,7.8,14.9,309,3265.4,1630.5,1674.3,68.6,688.9,29.2,894.1,674.4,219.7,1.123000026,1.133000016,0.996999979,1.15199995,0.02,0.768000007,0.02,0.768000007
333291,2006,9.2,520.3,5.2,10.6,226.5,2226.1,1147.7,1069.2,36.8,422.8,18.8,1121.7,738,383.7,1.15199995,1.162999988,0.994000018,1.215999961,0.034000002,0.925000012,0.034000002,0.925000012
333292,2006,6,251.6,3.4,7,109.5,1030.7,520.8,500.1,17.9,191.8,8.7,997.2,585.8,411.4,1.074000001,1.141000032,0.98299998,1.212000012,0.026000001,0.834999979,0.026000001,0.834999979
333293,2006,12.6,689,7.1,14.5,299.9,2935.2,1501.4,1407.5,53.5,553.1,24.8,1645.8,1065.3,580.5,1.077999949,0.908999979,1.008000016,1.213000059,0.023,0.862999976,0.023,0.861999989
333294,2006,15.7,845.8,8.8,18.2,368.1,3633.1,1703.1,1911.8,59.9,627.4,30.7,970.3,677.5,292.8,1.253999949,1.159000039,0.995000005,1.225000024,-0.012,0.943000019,-0.012,0.943000019
333295,2006,25.6,2176.5,10.9,21.8,477.8,15094.5,6960.4,8341.3,271.6,2461.8,69.6,5452.6,3733.2,1719.4,0.984000027,1.105999947,1.06400001,1.093999982,0.119000003,0.917999983,0.119000003,0.917999983
333298,2006,39.5,2039.3,22.2,45.8,887.6,8858.4,4393.3,4425,166.1,1618.4,74.9,4503.9,3038.8,1465.1,1.166000009,1.149999976,1.001999974,1.207999945,0.013,0.953999996,0.013,0.953999996
333311,2006,4.8,172.8,2.8,5.8,96.8,1055.7,626.7,422.9,18.6,173.5,7,706.9,547.9,159,0.995999992,1.171000004,0.866999984,1.218999982,0.033,0.920000017,0.033,0.920000017
333312,2006,3.2,133.1,1.8,3.8,56.9,760,343.3,426.2,10.7,95.1,5.1,277.2,194.5,82.7,1.289000034,1.171000004,0.86500001,1.230999947,0.093000002,1.04400003,0.093000002,1.04400003
333313,2006,8.1,404.8,3.5,7.4,181.2,2915.3,1398.5,1519,114.6,515.5,15.1,1769.9,978.8,791.1,1.052000046,0.878000021,0.867999971,1.148000002,0.033,0.865999997,0.033,0.865999997
333314,2006,16.1,957.2,9.9,19.9,444.5,3507.4,1487.6,2108.6,104.8,694.8,45.9,2011.8,1546.5,465.3,1.062999964,0.967999995,0.89200002,1.090000033,0.07,0.785000026,0.07,0.785000026
333315,2006,6.4,285.1,3.7,7.3,126.3,2281.1,1056.9,1229.1,32.8,315.5,27.7,3636.4,2103.9,1532.5,0.758000016,0.816999972,0.897000015,1.172000051,0.056000002,0.73299998,0.056000002,0.735000014
333319,2006,49.3,2339,28.6,59.4,999.3,12723.9,6008.5,6838.4,194.1,1663.5,84.8,3491.1,2631.1,860,1.199000001,1.121999979,0.90200001,1.345999956,0.035999998,0.893000007,0.037,0.89200002
333411,2006,15.1,530.6,10.9,22.6,300.7,2672.1,1319.5,1381.6,40.9,333,26,826,586,240,1.213999987,1.223999977,1.023000002,1.279999971,0.061000001,0.875999987,0.061000001,0.875999987
333412,2006,9.7,377.4,7,14.6,213.9,1925.9,928.7,998.3,28.8,234.3,18.8,652.1,453.7,198.4,1.210999966,1.218999982,1.023000002,1.286000013,0.033,0.911000013,0.033,0.911000013
333414,2006,21,836.1,13.4,27.3,403.4,5475.4,2407.1,3108.2,117.5,730.8,42.6,1697.4,1205.6,491.8,1.205000043,1.133999944,0.998000026,1.307999969,0.050999999,0.994000018,0.050999999,0.994000018
333415,2006,98.1,4019.8,74.9,150.5,2583.4,29132.8,15490.8,13817.7,494.8,2887.1,195.2,9858.1,7424.1,2434,1.123999953,1.182999969,0.99000001,1.243000031,0.017999999,1.059999943,0.017999999,1.059999943
333511,2006,40.8,1932.2,31.5,67.1,1374,5507.4,1835.5,3669.4,254.1,640.2,95.6,3766.8,2990.5,776.3,0.97299999,1.154999971,0.896000028,1.174000025,-0.002,0.998000026,-0.002,0.998000026
333512,2006,18,1034.8,10,20.7,461.9,4830.8,2753.3,2195.3,109.8,1206.4,41.3,2114.4,1362.7,751.7,1.072000027,1.139000058,0.913999975,1.177999973,0.011,1.042999983,0.011,1.042999983
333513,2006,7.1,373.2,4.7,10,208.3,1496.1,680.1,811.9,21.2,314.4,14.5,911,553.4,357.6,1.187000036,1.144999981,0.953000009,1.192000031,0.035,0.83099997,0.035,0.83099997
333514,2006,52,2686.1,37.9,81.8,1790.8,7852,2736.1,5005,263.8,1084.8,98.3,5444.2,4248.8,1195.4,1.083999991,1.161000013,0.893999994,1.166000009,0.017999999,0.927999973,0.017999999,0.926999986
333515,2006,32.4,1455.7,23.3,47.3,894.1,5086.7,1898.1,3176.6,236,837.3,78.1,3102.2,2512.9,589.3,1.14199996,1.213999987,0.889999986,1.131000042,-0.017000001,0.870999992,-0.017000001,0.870999992
333516,2006,2.8,163,1.7,3.9,84.9,738.9,405,348.8,13.8,160.9,12.9,288.4,193.5,94.9,1.307000041,1.129999995,0.879999995,1.356999993,0.017000001,0.843999982,0.016000001,0.842999995
333518,2006,10.7,654.8,6,13.5,316.2,2584.4,1220.7,1346.2,26.9,440.6,26.2,671.5,517.2,154.3,1.18599999,1.129999995,0.939999998,1.238000035,-0.016000001,0.797999978,-0.016000001,0.799000025
333611,2006,18.2,1019.4,9.8,20.4,472.2,6566.4,3816.3,2835.5,202.2,1254.3,72.9,3802.3,2816.8,985.5,1.098999977,1.10800004,0.981999993,1.208999991,-0.068999998,0.856999993,-0.068000004,0.85799998
333612,2006,11.9,580.1,8.7,17.6,366,2452.7,1072.6,1401.9,85.5,509.4,38.1,1485.4,995.9,489.5,1.133999944,1.156999946,0.996999979,1.307000041,0.064999998,1.011000037,0.064999998,1.011000037
333613,2006,14.7,704.6,10.4,21.1,413.8,3311.7,1345.1,2008.2,88.4,595.4,52.9,1763.7,1176.4,587.3,1.128000021,1.161000013,1.003999949,1.246999979,0.022,1.049999952,0.022,1.050999999
333618,2006,48.7,2485.4,35.1,73.5,1595.3,29679.4,20991.1,8889.7,962.9,2707.8,203.3,10171.4,8043.7,2127.7,1.103000045,1.116000056,0.986000001,1.266000032,0.034000002,0.922999978,0.034000002,0.922999978
333911,2006,30.5,1499.7,16.1,33.3,670.7,9276.2,4469.4,4871.4,138.2,1672,62.2,2907.7,2050.7,857,1.302999973,1.133000016,0.994000018,1.192999959,-0.024,0.967000008,-0.024,0.967000008
333912,2006,22.1,1163.9,13,26.3,560,8513.8,3903.6,4724.7,187.4,1253.3,55.6,2160,1582.1,577.9,1.225999951,1.13499999,0.985000014,1.207000017,0.147,1.128000021,0.148000002,1.128000021
333913,2006,3.8,198.2,1.8,3.7,64.6,1158.3,778.4,395.8,11.9,144.6,7.6,465.7,329.5,136.2,1.253000021,1.126999974,0.964999974,1.174000025,0.014,0.746999979,0.014,0.746999979
333921,2006,7.8,358.7,5,10.7,191.4,2476.8,1366.8,1137.2,36.6,264.9,15.7,576.6,351.1,225.5,1.103000045,1.175999999,1.055999994,1.284000039,0.039999999,1.152999997,0.039999999,1.152999997
333922,2006,30.4,1587.2,19.4,41.9,846.9,7508,3755.4,3753.7,103.3,728,47.6,1860.4,1094.1,766.3,1.248999953,1.174000025,1.04400003,1.282999992,0.023,0.972000003,0.023,0.972000003
333923,2006,18.9,907.8,12.1,26.1,484.4,6918.6,3813.6,3095.9,115,739.2,43.9,1479.6,867.6,612,1.31099999,1.18599999,1.044999957,1.315000057,0.085000001,1.120000005,0.085000001,1.120000005
333924,2006,21.8,1011.6,13.9,30.1,539.8,8100.4,5469,2776.6,158.1,1060.1,51.4,1761.9,1145.2,616.7,1.154000044,1.174999952,1.014999986,1.31400001,0.048999999,1.036999941,0.048999999,1.036000013
333991,2006,7.2,342.6,5,10,197.3,2117.9,1292.9,810.4,30.1,347.2,22.5,1241.5,939.3,302.2,1.054999948,1.177999973,0.963999987,1.144000053,-0.098999999,0.779999971,-0.098999999,0.779999971
333992,2006,15.4,791.1,9.1,19.1,352.1,5242.1,2902.3,2322.4,116.1,1112.3,49.5,1293.2,923.2,370,1.243000031,1.17900002,1.003999949,1.220999956,-0.029999999,0.934000015,-0.029999999,0.934000015
333993,2006,19.5,1054.4,10.2,21.6,429.1,4245.2,1839.9,2382.9,145.9,813.9,41.8,1511.3,999,512.3,1.18900001,1.146999955,1.001000047,1.174999952,0.037,0.921000004,0.037,0.921000004
333994,2006,10.4,503.1,6.4,12.9,218.1,2125,926.4,1193.5,28.2,260.5,27,745,506.9,238.1,1.146000028,1.133999944,1.001000047,1.220000029,0.061999999,0.921000004,0.061999999,0.921000004
333995,2006,18.7,932.9,12.4,27.3,513.6,4999.5,2375.3,2684.8,121.5,894.3,54.4,1904.2,1427.4,476.8,1.218000054,1.169999957,0.978999972,1.174000025,0.023,0.995000005,0.023,0.995000005
333996,2006,12,613.5,8,17.5,337.8,3535.9,1800.2,1773.5,97.7,677.8,38.5,1726.6,1290.3,436.3,1.17900002,1.15199995,0.963,1.136000037,-0.003,0.981999993,-0.003,0.981999993
333997,2006,4,173,2.4,5,77,816.2,390.3,414.3,16.1,149.6,7.7,310.3,195.5,114.8,1.103999972,1.128999949,1.004999995,1.238000035,0.011,1.074000001,0.011,1.075000048
333999,2006,50,2452.5,29.7,62.3,1091.4,11342.4,5102.7,6178.8,219.2,1955.6,107,4294.9,2966.8,1328.1,1.125,1.128999949,1.016000032,1.22300005,-0.004,1.014999986,-0.004,1.014999986
334111,2006,34.3,1857.1,11.8,22.2,490.6,42397.2,19434.8,22872.5,850.4,1491.5,51.1,12595.2,7627.5,4967.7,0.088,0.456999987,0.824999988,1.090999961,0.237000003,7.473999977,0.237000003,7.472000122
334112,2006,17.8,1125.4,8.9,18.8,331.3,8243.8,4425.1,4089.3,327.6,1426.8,60,7629.5,5840.1,1789.4,0.340000004,0.481999993,0.76700002,1.098999977,0.048999999,1.417000055,0.048999999,1.416000009
334113,2006,1.1,56.2,0.4,0.9,15,185.7,60.3,126.9,3.7,19.7,1.6,604.7,336.1,268.6,0.737999976,0.77700001,0.73299998,1.100000024,0.003,0.796999991,0.004,0.797999978
334119,2006,43,2770.5,14,27.4,557.1,16576,8671.6,7960.6,427.3,1937.8,107.8,8743.3,6494.8,2248.5,0.648000002,0.754999995,0.77700001,1.235999942,0.096000001,1.177999973,0.096000001,1.177999973
334210,2006,30.5,1922.9,11.3,21.5,499.2,25230.3,10604.6,14752.2,736.1,2428,120.8,13449.7,9404.3,4045.4,0.588,0.632000029,0.88499999,1.213000059,0.263000011,1.024000049,0.263000011,1.024000049
334220,2006,78.4,5477.3,31.9,63.3,1356.6,40070.2,18667.8,19419.7,1221.4,5745.8,172.2,15112.2,11580.4,3531.8,0.874000013,0.583000004,0.897000015,1.108999968,0.093999997,0.860000014,0.093999997,0.859000027
334290,2006,16.4,859.2,7.4,14.6,254.4,4451.6,1977,2520.1,65.3,580.2,40.2,1447.3,1140.7,306.6,1.029999971,0.824000001,0.850000024,1.200000048,0.021,0.805999994,0.021,0.805999994
334310,2006,18,831.7,10.7,21.3,347.3,9587.8,6299.3,3278.4,137.9,899.1,32.3,3440.5,2123.3,1317.2,0.871999979,0.824000001,0.871999979,1.162999988,0.059999999,1.18900001,0.059999999,1.187999964
334411,2006,4.4,222.5,3.1,6.3,143.2,811.8,345.2,442.4,32,173.3,16.6,2840.5,1233.6,1606.9,0.764999986,0.968999982,1.090999961,1.266000032,0.041999999,1.120000005,0.041999999,1.121999979
334412,2006,32.6,1370.5,23.9,47.4,823,5335.3,1996.1,3385.7,177.5,558.1,102.7,5589.4,4009.1,1580.3,0.962000012,0.652999997,1.069000006,1.146000028,0.057,0.806999981,0.057,0.808000028
334413,2006,132.2,9281.1,63.1,131,3208,70213,15864.1,54475.5,5814.4,5643.7,894.8,92041.1,67355.3,24685.8,0.155000001,0.790000021,1.090000033,1.136999965,-0.011,4.269000053,-0.01,4.271999836
334414,2006,7.4,302.6,4.7,9.8,137.3,1178.6,442.6,740,40.1,217.9,22,1787.4,1210.1,577.3,1.047999978,0.69599998,1.062999964,1.128000021,0.116999999,0.700999975,0.118000001,0.703000009
334415,2006,5,186.4,3.5,7,108.3,601,204.7,411.1,20.9,134.2,13.9,857.3,486.7,370.6,1.126999974,0.69599998,1.057000041,1.110000014,-0.01,0.619000018,-0.008,0.620999992
334416,2006,9.7,348.2,7.1,15,199.9,1389.4,689.1,702.4,24,189.9,15.5,624.6,324.7,299.9,1.072000027,0.69599998,1.06400001,1.169999957,-0.016000001,0.81099999,-0.016000001,0.810000002
334417,2006,22.6,946.9,16.8,33.8,568.7,4447.3,1603.2,2894.1,95.2,655.4,49.7,2877.8,2019.5,858.3,1.052999973,0.694999993,1.050999999,1.133999944,0.090999998,0.768999994,0.092,0.768999994
334418,2006,75.5,3572.1,43.3,90.7,1370,23845.8,16591.3,7409.1,320.3,3054.5,176.6,8210.6,5658.8,2551.8,0.773999989,0.596000016,1.082999945,1.105999947,-0.006,0.819999993,-0.006,0.819999993
334419,2006,59.1,2585.1,36.7,72.6,2519.9,10308.7,4156.7,6214.4,215.9,1605.7,94.5,4220,3158.2,1061.8,1.021999955,0.658999979,1.072000027,1.161999941,0.02,0.813000023,0.02,0.811999977
334510,2006,54.6,3817.8,25.4,51,1141,21343.6,7230,14299.4,657,2339.7,77.3,5759.8,4305.6,1454.2,0.894999981,0.878000021,0.890999973,1.131999969,-0.037,1.131000042,-0.037,1.129999995
334511,2006,151.7,11077.9,47.1,91.1,2431,40660.7,13646.4,27370.8,972.4,6676.6,284.4,16253.6,10600.4,5653.2,1.131999969,0.644999981,0.867999971,1.144999981,0.02,0.828999996,0.02,0.828000009
334512,2006,12.4,551.5,7.6,15.5,239.7,2325.6,1006.9,1331.5,55.4,234.1,19.8,1239.5,821.5,418,0.986000001,0.888000011,0.813000023,1.154000044,-0.021,0.848999977,-0.021,0.848999977
334513,2006,37.2,2109.5,17.5,35.3,634.5,8670,3349.4,5361.7,156.1,1183.2,56.4,2563.8,1747,816.8,1.171000004,0.800000012,0.851999998,1.149999976,0.071000002,0.819000006,0.071000002,0.819000006
334514,2006,15.5,780.8,9.5,18.9,347.8,5022.4,2950.1,2081.2,87,393.8,31.9,1190,949.8,240.2,1.090999961,0.989000022,0.822000027,1.215999961,-0.015,0.802999973,-0.015,0.802999973
334515,2006,37.5,3091.5,12.7,26.4,600.3,11459.6,4295.3,7299.3,443,1961.7,117.5,7388.1,4963.7,2424.4,1.019000053,0.626999974,0.893999994,1.088999987,0.011,0.672999978,0.012,0.674000025
334516,2006,29.2,2101.2,9.5,19.4,389.5,10070.8,3731.8,6400.4,228.9,1522.2,54.4,3252,2274.1,977.9,1.113999963,0.866999984,0.907999992,1.123999953,0.032000002,0.943000019,0.032000002,0.943000019
334517,2006,15.7,1352,5.3,10.7,299.7,10949.8,4845.1,6153,271.7,1501,24.3,1295,1006.2,288.8,1.034000039,0.697000027,0.880999982,1.143000007,0.213,1.08099997,0.213,1.080000043
334518,2006,2,92.4,1.3,2.5,43.9,621.6,230.2,402.9,5,90.2,2.9,497.1,224.2,272.9,1.103999972,0.904999971,0.870999992,1.125,0.012,0.917999983,0.012,0.917999983
334519,2006,29.2,1831,14.4,29.7,684.4,7870.1,2896.6,5107.7,174.8,1584.3,57,2041.7,1328.5,713.2,1.095999956,0.904999971,0.884000003,1.131000042,0.048999999,1.088000059,0.048999999,1.088000059
334611,2006,2.5,118.2,1.5,2.9,55.1,420.3,165.6,253.3,31.5,22.2,5.1,1187.6,906.7,280.9,0.731000006,0.686999977,0.811999977,1.277999997,-0.017999999,0.862999976,-0.017999999,0.860000014
334612,2006,20.4,771.9,15.4,31.2,500.7,4165,1812.5,2339.2,260.3,163.2,61.3,3117.6,2440.8,676.8,0.797999978,0.998000026,0.81400001,1.245000005,0.001,1.027999997,0.001,1.02699995
334613,2006,5.9,420.3,2.9,6.2,130.4,2360.1,1728,667.1,268.9,247.2,38.9,3832.6,2599.2,1233.4,0.763000011,1.187000036,0.845000029,1.289999962,-0.012,1.06400001,-0.011,1.06400001
335110,2006,8.2,449.8,6.7,13.6,338.8,2154.4,961.9,1195.2,61.1,227,47.6,1573.7,1070.2,503.5,0.971000016,1.159000039,0.958999991,1.264999986,-0.043000001,0.90200001,-0.043000001,0.90200001
335121,2006,11.9,417.3,8,16.8,209.6,2381.6,1053.4,1352.1,39.6,310.5,23.5,666.2,419.7,246.5,1.110000014,1.18599999,1,1.228000045,0.035,1,0.035,1
335122,2006,19.9,788,13.3,28.2,395.9,4562.2,2129,2472.8,77.7,627.4,33.2,1005.1,638.8,366.3,1.082999945,1.18599999,1.026000023,1.269000053,0.017999999,1.026000023,0.017999999,1.02699995
335129,2006,15.4,664.2,10.4,21.9,333.7,3970.3,1828.7,2210.4,62.2,539,31.4,855,608.1,246.9,1.047000051,1.18599999,1.024000049,1.243000031,0.035,1.097000003,0.035,1.097000003
335211,2006,7.1,282.6,5.5,10.8,174.7,2254.5,1155.9,1115.7,33.5,218,17.4,975.4,575.6,399.8,1.039000034,1.146000028,0.989000022,1.218000054,0.035,1.011999965,0.035,1.011999965
335212,2006,5.6,190.5,4.3,8.5,117.7,1423.6,835.5,601,23,157.5,11,804.2,605.9,198.3,0.865999997,1.192999959,0.998000026,1.200999975,-0.030999999,0.977999985,-0.030999999,0.977999985
335221,2006,14.4,439.7,12.7,24.6,340.9,4864.3,3248.9,1627.6,77.1,385.5,42.3,1528.5,1098.9,429.6,0.961000025,1.128999949,1.003000021,1.396999955,0.025,1.097000003,0.025,1.097000003
335222,2006,16.5,673.8,14.7,26.8,560.7,6171.4,3277.9,2854.8,101.6,288.5,53.7,2020,1455.7,564.3,0.878000021,1.197000027,0.968999982,1.225000024,0.115999997,1.606999993,0.115999997,1.60800004
335224,2006,13.3,544.9,11.7,22,441.8,4900.2,2875.7,2035.1,76.9,272.5,42.6,1266.5,852.2,414.3,0.976000011,1.167999983,0.973999977,1.422999978,-0.048,1.251999974,-0.048,1.251999974
335228,2006,12,485.9,10.3,21.4,375.8,4319.4,2534.8,1793.9,105.6,314.1,37.6,1183.1,884.1,299,1.187000036,1.144000053,1.003999949,1.312000036,-0.057,0.815999985,-0.057999998,0.815999985
335311,2006,20.6,863.3,15.4,31.6,520.6,5005.4,2597.1,2480.1,61.7,637.2,63.2,1429.6,851,578.6,1.296000004,1.335999966,0.953000009,1.274999976,0.017000001,0.925999999,0.017000001,0.925999999
335312,2006,46.5,1784.9,33.8,66.9,1101.9,12201.3,6804.8,5541.3,237.3,1740.1,107.2,3877.9,2661.5,1216.4,1.13499999,1.18900001,0.912,1.258999944,-0.009,0.973999977,-0.009,0.97299999
335313,2006,33.5,1582,23.6,47.8,888,9647.8,4859.4,4894.7,158.2,1108,75.8,2167.4,1551.9,615.5,1.256000042,1.171000004,0.925999999,1.228000045,0.078000002,0.883000016,0.078000002,0.883000016
335314,2006,42.1,2109.8,23.2,46.6,749,10071.2,4623.7,5560.4,161.8,1427.5,50.4,3099.8,2060.7,1039.1,1.230000019,0.977999985,0.961000025,1.167000055,0.016000001,0.801999986,0.017000001,0.800999999
335911,2006,18.5,759.2,14.3,30.2,497,3928.7,2320.4,1810.3,107,557.2,127.9,2272.1,1383.2,888.9,1.184000015,1.256000042,1.014000058,1.197000027,-0.037999999,0.85799998,-0.037999999,0.85799998
335912,2006,7.2,320.2,5.8,11.9,213.5,3104.4,1579.7,1572.3,46.6,229.2,31.9,1127,768.4,358.6,1.106999993,1.194000006,1.006999969,1.152999997,0.048999999,0.995000005,0.048999999,0.995000005
335921,2006,5.3,255.7,4,8.1,155.8,1939.8,1046.6,942.8,24.4,175.7,20.4,1785.5,1321.9,463.6,0.675000012,1.450000048,1.026000023,1.156000018,0.233999997,1.222000003,0.233999997,1.22300005
335929,2006,31.3,1413.8,23.3,47.9,1036.8,16456.9,11576.5,5129.4,246.7,1809.4,180.8,4941.8,3626.9,1314.9,1.613000035,1.56099999,1.008000016,1.18599999,-0.072999999,0.842000008,-0.072999999,0.842000008
335931,2006,30.7,1280.4,20.9,42.8,694,6976.9,3050.6,3953.6,165.6,819.1,83.4,2378.7,1663.6,715.1,1.06400001,1.213999987,0.995999992,1.149000049,-0.022,1.070000052,-0.022,1.070000052
335932,2006,14,655.1,9.5,19.5,355,5113.9,2298.6,2834.7,120.8,617.2,61.1,1639,1092.8,546.2,1.44599998,1.213999987,1.003999949,1.169999957,-0.009,0.829999983,-0.009,0.828999996
335991,2006,7.6,367.1,5.4,11.5,227.9,2493.7,1194.9,1348.2,285.3,431.3,136.3,1231.9,789.8,442.1,1.011000037,1.279000044,1.003999949,1.383000016,0.050000001,1.174999952,0.048999999,1.177000046
335999,2006,31.8,1589.9,18.4,36.2,615.1,7815.7,3344.1,4534.5,252.1,1376.3,53.4,3095.7,2069.5,1026.2,1.139999986,0.921999991,1.019000053,1.141000032,0.008,0.916999996,0.008,0.916999996
336111,2006,74.3,5352.1,64,126.3,4534.6,94229.4,68898,25261.8,1794.4,2211.8,387.4,29308,21172.2,8135.8,0.949000001,1.01699996,1.046000004,1.401000023,0.056000002,1.003999949,0.056000002,1.003999949
336112,2006,99.3,7171.6,88.5,174.6,6234.7,138241.6,102743.2,35779.9,2120.6,3038.3,542.5,30329,20445.5,9883.5,0.94599998,1.021000028,1.059999943,1.42900002,0.030999999,1.021999955,0.030999999,1.021999955
336120,2006,32.2,1495.6,26.5,46.1,1101.2,29389.1,24389.5,5004.1,128.2,1415.3,86.5,3496.8,2095.9,1400.9,1.128000021,1.067999959,1.108999968,1.361999989,0.054000001,0.967000008,0.054000001,0.967000008
336211,2006,50.9,1943.9,38.5,80.8,1302.2,11854.7,7005,4942.1,148.4,1785.1,78.1,2160.2,1383.8,776.4,1.245000005,1.187999964,1.087000012,1.277999997,0.028000001,0.944000006,0.028000001,0.944000006
336212,2006,30.5,1051,25.7,52,808.6,8165.3,5327.7,2871,114.8,832.2,49.7,1387.7,754.3,633.4,1.263000011,1.16900003,1.07099998,1.264999986,0.064000003,1.001000047,0.064000003,1.001000047
336213,2006,18.9,729.1,15.4,30.4,532.3,5518.7,3733.3,1768.9,23.2,736,24.6,556.1,311.2,244.9,1.167000055,1.110000014,1.121999979,1.325999975,-0.013,0.973999977,-0.013,0.973999977
336214,2006,49.8,1848.9,40.8,80.7,1331.5,10476.9,6651.1,3892.9,87,874.4,59,1058.9,484.5,574.4,1.195000052,1.133999944,1.152999997,1.325000048,0.017000001,1.062000036,0.017000001,1.062000036
336311,2006,10,462.3,7.7,16.5,340.1,2293.2,1007.7,1419.5,60.2,128.8,23.3,2050.8,1431.5,619.3,1.097000003,1.075000048,1.006999969,1.215999961,-0.037,1.036000013,-0.037,1.034000039
336312,2006,59.1,3464.7,45.5,97.4,2548.7,30541.8,18461.3,12129.2,1161.6,2358.7,309.9,15421.7,11797,3624.7,1.069000006,1.075000048,1.014999986,1.199000001,-0.059999999,1.092000008,-0.059999999,1.092000008
336321,2006,13,554.3,9.4,19.1,345.1,3368.4,1649.9,1793.6,91.7,298.4,30.3,1236.3,882,354.3,1.008999944,1.075000048,1.01699996,1.205000043,0.039000001,1.095999956,0.039000001,1.095999956
336322,2006,59.6,2795.5,43.3,87.7,1740.4,18176.2,10528.8,7589.1,617.5,1904.4,163.7,7773.8,5631.4,2142.4,0.968999982,1.075000048,1.006999969,1.208999991,0.005,1.057000041,0.006,1.057000041
336330,2006,35.7,1799.6,28.2,57.4,1280.8,10594.8,6660.9,3962.3,300.6,823.3,141.8,5689.5,4253.7,1435.8,1.013000011,1.075000048,1.00999999,1.246000051,-0.012,0.93900001,-0.012,0.938000023
336340,2006,32.6,1341,25.1,52,886.6,12676.2,7692.6,4989.7,298.1,952.5,113.7,5616.8,4314.9,1301.9,0.986999989,1.075000048,1.001999974,1.202000022,0.008,1.123999953,0.008,1.123999953
336350,2006,76.9,5193.1,62.7,138.8,4127.9,34973.7,19883.8,14999,1617.3,2275.7,392.1,19424.4,15157.7,4266.7,0.987999976,1.075000048,0.996999979,1.282999992,0.052000001,1.139000058,0.052000001,1.139000058
336360,2006,47.3,1943.3,33.5,66.1,1223.6,18865.5,14243.9,4621.7,211,520.5,103.9,3069.1,2293.6,775.5,0.999000013,1.075000048,1.024000049,1.174000025,0.043000001,0.99000001,0.043000001,0.989000022
336370,2006,95.4,5116.5,77.7,161.8,4012.1,25978.1,14093,11880.2,1055.5,1399.2,343.1,17424.2,13832.6,3591.6,1.049000025,1.075000048,1.01699996,1.228999972,0.025,1.103999972,0.025,1.103999972
336391,2006,15.8,795.7,12.3,24.8,548.8,5430.3,3212.5,2249.6,183.7,440.5,42.2,2394,1799.1,594.9,1.014000058,1.075000048,1.006999969,1.215000033,0.075000003,0.963999987,0.075999998,0.963999987
336399,2006,132.3,5233,105.3,210,3644.1,39400.8,24597,14851.9,1228.4,2609.4,499,19539,14672.3,4866.7,1.006000042,1.075000048,1.013000011,1.287999988,0.033,1.003000021,0.033,1.003000021
336411,2006,157.2,11022.8,80.4,150.9,5096.1,69203.3,37538.7,33440.5,932.4,26844.6,248,15820.4,7201.6,8618.8,1.274999976,1.06099999,1.077999949,1.225000024,0.001,0.984000027,0.001,0.984000027
336412,2006,64.4,4384.2,37.8,77.4,2153.6,28180.9,14818.1,13303.2,412.3,3587.9,216.3,10004.4,6905.5,3098.9,1.253999949,1.17900002,0.925999999,1.350000024,-0.004,0.93599999,-0.004,0.93599999
336413,2006,92.8,5824.8,50.4,100.3,2629.9,27607.2,10838.4,17974.3,887.3,6575.1,363.8,11145.6,6830.4,4315.2,1.149999976,1.143000007,0.967000008,1.19599998,0.075000003,1.192999959,0.075000003,1.192999959
336414,2006,46,3743.6,15.1,30,1117.4,13470.6,5586.2,8091.5,404.9,1877.8,73.5,7889,3982.2,3906.8,1.139999986,1.021000028,1.052999973,1.243999958,0.147,0.744000018,0.148000002,0.744000018
336415,2006,14.5,1051.1,4.7,9.5,275.9,3357.2,1034.5,2354.8,81.1,272,56.3,1871.4,1024.1,847.3,1.235999942,1.106999993,0.995999992,1.338000059,0.081,0.986999989,0.081,0.986999989
336419,2006,6.2,365.1,3.5,6.7,146,1184.1,451.2,742,37.7,140.6,26,1106.7,533.2,573.5,1.235999942,1.106999993,0.981000006,1.332999945,-0.254000008,0.92900002,-0.250999987,0.930999994
336510,2006,27.9,1328.9,19.4,37.1,806.8,12082.3,7779.3,4479.4,272.4,1952.6,80.9,2379,1377.2,1001.8,1.225999951,1.210000038,1.014999986,1.373000026,0.057999998,1.008000016,0.057999998,1.008000016
336611,2006,85.3,4042.8,59.2,116.3,2538.4,15102.4,5765.4,9337,155.3,1439,162.2,5168.4,2028,3140.4,1.277999997,1.144999981,1.113999963,1.167999983,-0.005,1.087000012,-0.005,1.087000012
336612,2006,54.3,1853.6,42.3,86.3,1293.9,11408.2,6681,4727.2,219.2,1677.2,75,2003.6,1191.2,812.4,1.264999986,1.141000032,1.016000032,1.300999999,-0.032000002,0.903999984,-0.032000002,0.903999984
336991,2006,14.6,705.6,10.7,21,455.6,5674.3,3552.4,2210.7,78.6,580.1,48.7,1545.9,1267.7,278.2,1.07099998,1.179999948,0.972000003,1.315000057,0.054000001,0.995000005,0.054000001,0.995000005
336992,2006,7.9,463.1,4.9,9.8,214.6,2890.8,1407.3,1526,50.1,781.9,20.6,980,530.5,449.5,1.167999983,0.952000022,1.006000042,1.16900003,0.048,1.605000019,0.048999999,1.603000045
336999,2006,20.2,760.1,15,28.7,437.6,8698.2,6010.1,2689.7,165.8,735.2,37.9,1565.8,1230.1,335.7,1.133999944,1.146999955,0.985000014,1.317000031,-0.017999999,0.910000026,-0.017999999,0.910000026
337110,2006,145.3,4735.2,114.1,234.8,3309.7,20161.3,8269.6,11899.1,593.4,1350.3,187.7,3773.2,2085,1688.2,1.164000034,1.136000037,1.067999959,1.243000031,-0.028000001,1.103999972,-0.028000001,1.103999972
337121,2006,78.8,2348.9,65,131.9,1759.5,10615,5570.5,5034.1,100.9,1187.4,76.3,1752.1,730.8,1021.3,1.187999964,1.111999989,1.106999993,1.18900001,0,0.972000003,0,0.972000003
337122,2006,71.4,2060.9,58,111.7,1467.7,9714,4662.6,4936.1,125.4,1615.8,119.2,3607.3,1672,1935.3,1.177000046,1.123999953,1.069000006,1.167999983,-0.061000001,0.922999978,-0.061000001,0.922999978
337124,2006,11.8,369,9,17.5,228.9,2183.9,1154,1051.7,27,333.8,25.4,829.7,371.7,458,1.128999949,1.213999987,1.06400001,1.289000034,0.025,0.986999989,0.026000001,0.986999989
337125,2006,4.1,128.7,3.1,6.1,79.8,1110,626.6,503.2,16.1,181.2,12.9,242.5,132.8,109.7,1.139000058,1.287999988,1.049000025,1.213999987,0.052999999,1.333999991,0.052999999,1.332999945
337127,2006,29.2,1104.5,21.8,43,681.5,4857,2250.1,2638.6,67.4,648.2,53.8,1252.1,799,453.1,1.172000051,1.162999988,1.062999964,1.261000037,-0.041000001,0.867999971,-0.041000001,0.867999971
337129,2006,2.3,66,1.8,3.4,40.9,289.9,137,155.4,3.2,39.6,3.4,173.7,62.9,110.8,1.14199996,1.287999988,1.031999946,1.223999977,-0.071999997,1.184000015,-0.071999997,1.184000015
337211,2006,20.1,692,14.9,31.4,430.5,3032.3,1270.5,1762.9,45.1,175.2,29.4,1067.4,610.7,456.7,1.210999966,1.090999961,1.057000041,1.258000016,-0.101000004,0.842000008,-0.101000004,0.842000008
337212,2006,31.2,1350.8,22.1,44,757,4583.3,1871.1,2773.4,71.4,450,49.3,693.8,455.3,238.5,1.245000005,1.172999978,1.036999941,1.287999988,0.002,1.024000049,0.002,1.023000002
337214,2006,28.5,1327.3,21.2,44.6,825.7,8804.5,3409.7,5400.5,127,470.1,85.4,3512.3,1994.7,1517.6,1.110999942,1.052999973,1.024999976,1.292000055,-0.068000004,1.008000016,-0.068000004,1.008000016
337215,2006,54.4,2020.8,42.6,85.9,1280.6,9884.1,5143,4771.8,193.9,1146.2,139.8,2604.9,1562.8,1042.1,1.144999981,1.194000006,1.059999943,1.332999945,0.025,0.926999986,0.025,0.926999986
337910,2006,22.6,874,17.5,35.3,553.6,7407.9,3432.2,3980.8,65,288.5,26.2,1003.1,551,452.1,1.230000019,1.16900003,1.065999985,1.273000002,0.039000001,1.092000008,0.039000001,1.092000008
337920,2006,19.4,620.4,13.1,25.7,330.8,2974.4,1481.9,1482,42.8,351.6,20.6,684.3,410.4,273.9,1.151000023,1.18900001,1.057999969,1.199000001,0.039999999,0.968999982,0.041000001,0.968999982
339111,2006,15.5,798.2,8.4,17.2,434.7,3702.4,1397.4,2327.4,53.2,429.1,22.7,985.3,630.2,355.1,1.202000022,1.018000007,0.922999978,1.264000058,0.034000002,1.054999948,0.034000002,1.054999948
339112,2006,101.1,5617.1,55.5,111.9,2381.9,29882.1,8409.1,21634.2,969.8,3210.3,182.6,10068.4,7257.7,2810.7,1.062000036,1.036999941,0.93900001,1.128000021,0.039000001,1.024000049,0.039000001,1.024000049
339113,2006,101.4,5485.6,58.4,116.5,2437.5,30898.7,9790.3,21781.5,1186.3,5230.3,192.3,9527.3,6873.3,2654,1.167999983,1.078999996,0.957000017,1.202000022,-0.041999999,0.949999988,-0.041999999,0.949999988
339114,2006,15.5,755.5,9.2,18.4,323.4,4207.5,1428,2808.4,64.6,565.5,20.8,1103.8,743.7,360.1,1.463999987,1.15199995,0.936999977,1.133000016,0.028000001,0.786000013,0.028000001,0.786000013
339115,2006,21.4,964.2,14.4,27.4,465.8,5498,1615,3979.1,272.4,618.3,50.6,3055.5,2352.3,703.2,1.06400001,1.125,0.916999996,1.110999942,0.055,1.101999998,0.055,1.101999998
339116,2006,50.1,1792.9,34.8,65.9,1181.3,4297.3,951.2,3360.3,127.5,288.8,26.7,3785.1,2148,1637.1,1.559999943,1.235000014,0.930999994,1.154999971,-0.006,0.934000015,-0.006,0.934000015
339911,2006,26.8,1019.5,17.6,34.7,507.8,7425.4,4127.7,3364.5,76.1,1805.4,33,952.6,603.1,349.5,1.14199996,1.218999982,1.011999965,1.177000046,-0.048999999,1.034999967,-0.048999999,1.036000013
339912,2006,2,76.2,1.3,2.6,38,319.9,153.5,163.4,3.3,67.2,1.4,293.7,132.3,161.4,1.15199995,1.218999982,1.016000032,1.279000044,-0.158999994,0.671000004,-0.158999994,0.670000017
339913,2006,3.6,129.1,2.3,4.6,64.3,1198.6,757.1,468.6,14.5,331.1,5.3,209.2,129.3,79.9,1.167000055,1.218999982,0.98299998,1.164000034,-0.028999999,1.146000028,-0.028999999,1.146000028
339914,2006,5.6,179.9,3.7,7.2,89.6,760.9,298,465.3,6.5,130.3,3.4,316,150.4,165.6,1.15199995,1.218999982,0.976999998,1.228000045,-0.01,0.850000024,-0.01,0.850000024
339920,2006,51.5,2063.5,32.4,65.3,946.8,13188.9,5148.2,8059.2,522.8,2140.6,79.6,3917.3,2876.5,1040.8,1.037999988,1.156999946,0.995000005,1.228000045,0.045000002,1.034999967,0.045000002,1.034999967
339931,2006,1.3,43.8,0.8,1.5,20,255,94.3,171.4,4.9,33.8,2.4,153.8,53.3,100.5,1.059999943,1.136000037,1.008000016,1.220000029,0.043000001,1.092000008,0.043000001,1.092000008
339932,2006,13,528.9,8,14.9,241.7,3649.7,2020.1,1773,110.2,724.3,34.4,1862.3,1046.9,815.4,1.019999981,1.136000037,1,1.230000019,0.013,0.944000006,0.013,0.943000019
339941,2006,4.7,178.3,2.9,5.8,85.5,972.6,486,481.7,27,153.7,9.1,583.9,402.7,181.2,1.10800004,1.14199996,0.976999998,1.182000041,-0.043000001,0.721000016,-0.043000001,0.721000016
339942,2006,5.1,232.3,3.2,6.3,111.3,1604.4,632.4,979.6,36.2,200,15.1,470.6,292.6,178,1.075000048,1.14199996,0.981999993,1.251999974,-0.003,1.120000005,-0.003,1.120000005
339943,2006,5.1,185.9,3.2,6.4,89.1,644.4,216.6,423.6,11,68.5,6,236.9,160.3,76.6,1.083999991,1.14199996,0.995999992,1.220000029,-0.023,1.203999996,-0.023,1.203999996
339944,2006,2,89.3,1.3,2.5,42.8,501,296.7,208.3,16.3,93.8,4.7,283.8,178.3,105.5,0.948000014,1.14199996,0.995000005,1.258000016,0.003,0.933000028,0.003,0.931999981
339950,2006,82,3292.6,50.7,99.1,1551.1,11884.6,5157.9,6828.7,240.9,1223.5,111.3,2158.5,1419.1,739.4,1.208999991,1.143000007,1.014999986,1.281999946,0.026000001,0.976999998,0.026000001,0.976000011
339991,2006,33.3,1418.7,23.7,49.6,806.6,6485.5,2596.3,3905.8,186.8,654.3,106.4,2256.1,1565.9,690.2,1.169999957,1.210999966,1,1.23300004,0.017000001,0.981999993,0.017000001,0.981999993
339992,2006,12.3,486,9.5,19.4,312.9,1774.9,682.3,1106.7,33.1,447.5,23.6,538.3,250.2,288.1,1.238999963,0.995999992,1.069000006,1.264999986,0.007,0.84799999,0.007,0.848999977
339993,2006,3.7,160.4,2.5,5.6,87.1,757.4,278.8,472.7,23.3,120.1,13.9,671.3,350.1,321.2,1.126000047,1.184999943,0.981000006,1.210999966,-0.079000004,1.182000041,-0.079999998,1.180999994
339994,2006,10.4,391.3,7.4,15,221.8,2267.6,1075,1204.8,39.3,361.8,19.2,815.7,529.7,286,1.146999955,1.156000018,1.003999949,1.182999969,-0.017000001,0.912999988,-0.017000001,0.912999988
339995,2006,4.4,174.7,3.6,7.2,127,958.8,390.8,568.3,12.6,81.7,13.5,390.4,176.2,214.2,1.386000037,1.171000004,0.973999977,1.281999946,0.050999999,0.674000025,0.050999999,0.674000025
339999,2006,95.7,3656.7,65.8,130,1845.2,17422.2,7533.8,9950.3,460.5,2442.9,150.7,3490.3,2503.8,986.5,1.13499999,1.184999943,1.003999949,1.228999972,-0.02,1.121000051,-0.02,1.121000051
